item_id,name,category,category_name,description,for_man,for_woman,for_unisex,ready_to_sale,palette_of_image,market_compatibility_score,market_palette_match_distance,product_is_good_for_new_marketing,matched_target_color,matched_country_palette_name,marketing_priority_tier,dss_recommendation_reason,image_path
2,1,2,Pullover,Authentic pullover designed for comfort and modern style.,False,True,False,False,"[""#818083"", ""#313133"", ""#d7d7d8"", ""#b5b4b6""]",0.6695,8.02,True,#7f767c,Palette 1 (Core & Classic Neutrals),Tier 2: Standard Marketing Candidate,"Solid alignment (ΔE=8.0, score=0.67) with Palette 1 (Core & Classic Neutrals).",/Users/mgtimber/CV26/CV26-INTERNET-SHOP-EXPERTISE/custom_data/0869c760-6d69-42dc-97d5-0aec0ee9e5b4/custom_dataset_start/1.jpg
5,12,0,T-Shirt / Top,Authentic t-shirt / top designed for comfort and modern style.,True,True,True,False,"[""#d6d5d3"", ""#838484"", ""#b8b8b8"", ""#e7e8e6""]",0.7134,6.75,True,#eeebea,Palette 1 (Core & Classic Neutrals),Tier 2: Standard Marketing Candidate,"Solid alignment (ΔE=6.8, score=0.71) with Palette 1 (Core & Classic Neutrals).",/Users/mgtimber/CV26/CV26-INTERNET-SHOP-EXPERTISE/custom_data/0869c760-6d69-42dc-97d5-0aec0ee9e5b4/custom_dataset_start/12.jpg
6,13,0,T-Shirt / Top,Authentic t-shirt / top designed for comfort and modern style.,False,True,True,False,"[""#494a4e"", ""#18191f"", ""#b8b8ba"", ""#313237""]",0.6137,9.77,True,#525761,Palette 2 (Contemporary & Earthy Street),Tier 2: Standard Marketing Candidate,"Solid alignment (ΔE=9.8, score=0.61) with Palette 2 (Contemporary & Earthy Street).",/Users/mgtimber/CV26/CV26-INTERNET-SHOP-EXPERTISE/custom_data/0869c760-6d69-42dc-97d5-0aec0ee9e5b4/custom_dataset_start/13.jpg
7,14,0,T-Shirt / Top,Authentic t-shirt / top designed for comfort and modern style.,True,True,True,False,"[""#d0d1d0"", ""#8a8a8a"", ""#aeb0af"", ""#6b6b6b""]",0.6933,7.33,True,#d0c7cf,Palette 1 (Core & Classic Neutrals),Tier 2: Standard Marketing Candidate,"Solid alignment (ΔE=7.3, score=0.69) with Palette 1 (Core & Classic Neutrals).",/Users/mgtimber/CV26/CV26-INTERNET-SHOP-EXPERTISE/custom_data/0869c760-6d69-42dc-97d5-0aec0ee9e5b4/custom_dataset_start/14.jpg
16,22,8,Bag,Authentic bag designed for comfort and modern style.,False,True,True,False,"[""#a69d9e"", ""#2e3161"", ""#8b807f"", ""#cb9d81""]",0.6158,9.7,True,#b6a5aa,Palette 2 (Contemporary & Earthy Street),Tier 2: Standard Marketing Candidate,"Solid alignment (ΔE=9.7, score=0.62) with Palette 2 (Contemporary & Earthy Street).",/Users/mgtimber/CV26/CV26-INTERNET-SHOP-EXPERTISE/custom_data/0869c760-6d69-42dc-97d5-0aec0ee9e5b4/custom_dataset_start/22.jpg
21,27,8,Bag,Authentic bag designed for comfort and modern style.,False,True,True,False,"[""#e5e0e2"", ""#c68f7d"", ""#513a39"", ""#ddafa0""]",0.6155,9.71,True,#ede8e6,Palette 1 (Core & Classic Neutrals),Tier 2: Standard Marketing Candidate,"Solid alignment (ΔE=9.7, score=0.62) with Palette 1 (Core & Classic Neutrals).",/Users/mgtimber/CV26/CV26-INTERNET-SHOP-EXPERTISE/custom_data/0869c760-6d69-42dc-97d5-0aec0ee9e5b4/custom_dataset_start/27.jpg
36,40,0,T-Shirt / Top,Authentic t-shirt / top designed for comfort and modern style.,False,True,True,False,"[""#bebcba"", ""#94918f"", ""#565451"", ""#e1e0df""]",0.689,7.45,True,#b2c0ba,Palette 2 (Contemporary & Earthy Street),Tier 2: Standard Marketing Candidate,"Solid alignment (ΔE=7.5, score=0.69) with Palette 2 (Contemporary & Earthy Street).",/Users/mgtimber/CV26/CV26-INTERNET-SHOP-EXPERTISE/custom_data/0869c760-6d69-42dc-97d5-0aec0ee9e5b4/custom_dataset_start/40.jpg
37,41,8,Bag,Authentic bag designed for comfort and modern style.,False,True,True,False,"[""#d2cccc"", ""#6b3d2b"", ""#beb7b6"", ""#ab7b6c""]",0.6256,9.38,True,#d0c7cf,Palette 1 (Core & Classic Neutrals),Tier 2: Standard Marketing Candidate,"Solid alignment (ΔE=9.4, score=0.63) with Palette 1 (Core & Classic Neutrals).",/Users/mgtimber/CV26/CV26-INTERNET-SHOP-EXPERTISE/custom_data/0869c760-6d69-42dc-97d5-0aec0ee9e5b4/custom_dataset_start/41.jpg
46,5,5,Sandal,Authentic sandal designed for comfort and modern style.,False,True,False,False,"[""#dad2cf"", ""#8b746f"", ""#4a393c"", ""#b1a39f""]",0.6482,8.67,True,#b6a5aa,Palette 1 (Core & Classic Neutrals),Tier 2: Standard Marketing Candidate,"Solid alignment (ΔE=8.7, score=0.65) with Palette 1 (Core & Classic Neutrals).",/Users/mgtimber/CV26/CV26-INTERNET-SHOP-EXPERTISE/custom_data/0869c760-6d69-42dc-97d5-0aec0ee9e5b4/custom_dataset_start/5.jpg
70,71,5,Sandal,Authentic sandal designed for comfort and modern style.,False,True,False,False,"[""#e0e0dc"", ""#2f2c26"", ""#66615b"", ""#a2a09b""]",0.6684,8.06,True,#ede8e6,Palette 1 (Core & Classic Neutrals),Tier 2: Standard Marketing Candidate,"Solid alignment (ΔE=8.1, score=0.67) with Palette 1 (Core & Classic Neutrals).",/Users/mgtimber/CV26/CV26-INTERNET-SHOP-EXPERTISE/custom_data/0869c760-6d69-42dc-97d5-0aec0ee9e5b4/custom_dataset_start/71.jpg
72,73,4,Coat,Authentic coat designed for comfort and modern style.,False,True,False,False,"[""#eae4e0"", ""#be967a"", ""#926850"", ""#d1bbad""]",0.7003,7.13,True,#ede8e6,Palette 1 (Core & Classic Neutrals),Tier 2: Standard Marketing Candidate,"Solid alignment (ΔE=7.1, score=0.70) with Palette 1 (Core & Classic Neutrals).",/Users/mgtimber/CV26/CV26-INTERNET-SHOP-EXPERTISE/custom_data/0869c760-6d69-42dc-97d5-0aec0ee9e5b4/custom_dataset_start/73.jpg
78,79,8,Bag,Authentic bag designed for comfort and modern style.,False,True,True,False,"[""#7d7e7d"", ""#323131"", ""#cbcecf"", ""#4c4c4c""]",0.668,8.07,True,#83858e,Palette 2 (Contemporary & Earthy Street),Tier 2: Standard Marketing Candidate,"Solid alignment (ΔE=8.1, score=0.67) with Palette 2 (Contemporary & Earthy Street).",/Users/mgtimber/CV26/CV26-INTERNET-SHOP-EXPERTISE/custom_data/0869c760-6d69-42dc-97d5-0aec0ee9e5b4/custom_dataset_start/79.jpg
85,85,0,T-Shirt / Top,Authentic t-shirt / top designed for comfort and modern style.,True,True,True,False,"[""#d9e3e1"", ""#c9d6d3"", ""#bac8c5"", ""#e7eeed""]",0.7197,6.58,True,#eeebea,Palette 1 (Core & Classic Neutrals),Tier 2: Standard Marketing Candidate,"Solid alignment (ΔE=6.6, score=0.72) with Palette 1 (Core & Classic Neutrals).",/Users/mgtimber/CV26/CV26-INTERNET-SHOP-EXPERTISE/custom_data/0869c760-6d69-42dc-97d5-0aec0ee9e5b4/custom_dataset_start/85.jpg
87,87,7,Sneaker,Authentic sneaker designed for comfort and modern style.,True,False,True,False,"[""#484a49"", ""#9ca1a2"", ""#6f7272"", ""#d5d9d8""]",0.632,9.18,True,#525761,Palette 2 (Contemporary & Earthy Street),Tier 2: Standard Marketing Candidate,"Solid alignment (ΔE=9.2, score=0.63) with Palette 2 (Contemporary & Earthy Street).",/Users/mgtimber/CV26/CV26-INTERNET-SHOP-EXPERTISE/custom_data/0869c760-6d69-42dc-97d5-0aec0ee9e5b4/custom_dataset_start/87.jpg
88,88,8,Bag,Authentic bag designed for comfort and modern style.,False,True,True,False,"[""#dbd8d2"", ""#63566b"", ""#938892"", ""#332525""]",0.6016,10.16,True,#ede8e6,Palette 1 (Core & Classic Neutrals),Tier 2: Standard Marketing Candidate,"Solid alignment (ΔE=10.2, score=0.60) with Palette 1 (Core & Classic Neutrals).",/Users/mgtimber/CV26/CV26-INTERNET-SHOP-EXPERTISE/custom_data/0869c760-6d69-42dc-97d5-0aec0ee9e5b4/custom_dataset_start/88.jpg
89,89,8,Bag,Authentic bag designed for comfort and modern style.,False,True,True,False,"[""#685c5c"", ""#e3dfd8"", ""#beb7b5"", ""#9e9493""]",0.6085,9.94,True,#b6a5aa,Palette 2 (Contemporary & Earthy Street),Tier 2: Standard Marketing Candidate,"Solid alignment (ΔE=9.9, score=0.61) with Palette 2 (Contemporary & Earthy Street).",/Users/mgtimber/CV26/CV26-INTERNET-SHOP-EXPERTISE/custom_data/0869c760-6d69-42dc-97d5-0aec0ee9e5b4/custom_dataset_start/89.jpg
