step_id,step_name,category,time_200_items_sec,per_item_ms,time_10k_seq_sec,time_10k_seq_formatted,time_10k_opt_formatted,time_1m_seq_sec,time_1m_seq_formatted,time_1m_opt_formatted
1,Dataset I/O & CSV Ingestion,I/O,0.007,0.037,0.37,0.37s,0.05s,37.37,37.37s,5.50s
2,CNN Fashion-MNIST Classification,Deep Learning Inference,9.11,45.549,455.49,7m 35s (455.5s),53.59s,45549.32,12h 39m (12:39:09),1h 29m (01:29:18)
3,Haar Face & Head Exclusion Detection,Computer Vision,4.657,23.287,232.87,3m 52s (232.9s),34.25s,23286.6,6h 28m (06:28:06),57m 04s (3424.5s)
4,Skin Mask Extraction (HSV + YCrCb),Computer Vision,0.122,0.612,6.12,6.12s,0.90s,611.94,10m 11s (611.9s),1m 29s (90.0s)
5,Studio Background Segmentation & Morphology,Computer Vision,0.746,3.732,37.32,37.32s,5.49s,3731.86,1h 02m (01:02:11),9m 08s (548.8s)
6,K-Means Color Palette Clustering (palette_of_image),Machine Learning / Clustering,8.827,44.137,441.37,7m 21s (441.4s),1m 04s (64.9s),44136.88,12h 15m (12:15:36),1h 48m (01:48:10)
7,Gender Attribute Classification,Text & Rule NLP,0.009,0.046,0.46,0.46s,0.07s,45.61,45.61s,6.71s
8,Mission 2: ready_to_sale Matching,Semantic Text Processing,0.009,0.043,0.43,0.43s,0.06s,42.57,42.57s,6.26s
9,Mission 3: Palette Formatting & HTML Previews,Data Structuring & Export,0.05,0.25,2.5,2.50s,0.37s,250.0,4m 10s (250.0s),36.76s
