category,category_name,category_count
6,womens-blouses-and-shirts,3
184,dresses,3
201,bikinis,1
203,womens-wallets,1
204,handbags,8
207,womens-sunglasses,9
234,womens-skirts,9
235,womens-sweaters,9
236,womens-sweatshirts,4
373,womens-pants,4
386,women-s-shorts,4
422,womens-bras,63
430,corsets-and-garter-belts,63
437,womens-bathrobes,63
467,womens-rings,63
468,womens-earrings,63
469,womens-necklaces,63
501,heels,63
520,womens-flats,63
527,womens-snow-boots,63
536,womens-espadrilles,63
645,mens-watches,63
663,mens-bow-ties,63
680,men-dress-shoes,63
705,womens-keychains,1
853,womens-jumpsuits,63
1017,underwear-sets,63
2811,boys-shoes,63
2951,kitchen,63
5223,women-s-nightgowns,8
5382,panties-and-thongs,21
6133,mens-undergarments,3
6372,womens-shawls-and-scarves,63
39577,womens-hosiery,63
40328,mens-boots,63
53403,womens-tops-tank-tops-and-t-shirts,1
65823,mens-outdoor-shoes,7
78521,womens-boots-and-booties,7
86519,mens-sport-jackets,15
