item_id,image_id,produced_for_country,name,description,category,category_name,clothes_class_name_word,product_class_name,for_man,for_woman,for_unisex,is_colored,dominant_color,avg_saturation,avg_brightness,color_palette,label_source,classification_confidence
0,0,cz,Casio Collection MTP-1259D-7BEF,,645,mens-watches,Bag,Bag,True,False,False,False,White,0.0967,0.6456,"['#eef2f2', '#a5b0b1', '#666f71', '#131617']",custom-tag,34.27
3,3,cz,Casio Collection MTP-1303D-1AVEF,,645,mens-watches,Bag,Bag,True,False,False,False,Black,0.1492,0.4055,"['#07070a', '#e1e1e3', '#9fa1a5', '#56585c']",custom-tag,30.95
5,5,cz,Hot Diamonds Náušnice Eternity Interlocking Stud DE309,,468,womens-earrings,Sandal,Sandal,True,True,True,True,White,0.1482,0.7153,"['#ebe5e2', '#c1b0aa', '#87706c', '#30232a']",custom-tag,87.18
7,7,cz,Shepherd Papuče ANTON,Shepherd Papuče ANTON Béžová. K dispozici v pánské velikosti. 41. Kožíšek z ovčí vlny vyjímatelná vložka Pánské   Boty   Papuče,40328,mens-boots,Ankle boot,Ankle boot,True,False,False,True,Beige/Khaki,0.2519,0.6147,"['#a5957b', '#8b7a63', '#544736', '#d7d4cc']",custom-tag,37.85
8,8,cz,Vestis Dámský župan Milano 3130 - dle obrázku - S,"Dámský župan Milano Vestis s proužky. Župan s kapucí a s kapsami, materiál: coral fleece 280g m2. Župan je vhodný i za studených večerů, zahřeje Vás.",437,womens-bathrobes,Coat,Coat,True,True,True,True,Orange,0.5359,0.9066,"['#e36334', '#ec9268', '#f7dbd0', '#a84129']",custom-tag,32.6
9,9,cz,Modré plavky s kytičkami H Natalie,"Krásné barevné dvoudílné plavky s jemným vzorem, efektně přepřížená podprsenka, košíčky s tenkými vyjímatelný",201,bikinis,T-shirt/top,T-shirt/top,False,True,False,True,Blue,0.4127,0.7364,"['#6c95a9', '#cee0e3', '#c5754d', '#703e2f']",custom-tag,40.33
10,10,cz,Modrobílé plavky s kytičkami H Natalie,"Krásné dvoudílné plavky s jemným vzorem, košíčky s tenkými vyjímatelnými vycpávkami, zavazování na zád",201,bikinis,T-shirt/top,T-shirt/top,False,True,False,True,Grey,0.3854,0.7238,"['#dbdfe0', '#6497a6', '#ba724b', '#583e38']",custom-tag,38.07
11,11,cz,Černé plavky s výrazným vzorem H Natalie,"Krásné dvoudílné plavky s výrazným vzorem, podprsenka s tenkými vyjímatelnými vycpávkami, zavazování na zádec",201,bikinis,T-shirt/top,T-shirt/top,False,True,False,True,Red,0.4114,0.5807,"['#3a2122', '#98897e', '#b44f44', '#ece0dd']",custom-tag,34.66
12,12,cz,Těhotenský top s potiskem Mamalicious,"Bílé triko s potiskem, lehounké, vzdušné. Široký kulatý výstřih. Dole do kulata. Barva: bílá s potiskem",53403,womens-tops-tank-tops-and-t-shirts,T-shirt/top,T-shirt/top,True,True,True,False,White,0.0225,0.8482,"['#e9e9e7', '#d7d6d4', '#b9b8b9', '#878787']",custom-tag,36.76
13,13,cz,Černý těhotenský top s aplikací,"Lehounké černé triko s aplikací květů kolem výstřihu, výstřih do V. Barva: černá Materiál: 96% viskóza,",53403,womens-tops-tank-tops-and-t-shirts,T-shirt/top,T-shirt/top,True,True,True,False,Grey,0.2196,0.17,"['#3b3c41', '#232429', '#0a0b10', '#b1b1b4']",custom-tag,69.95
14,14,cz,Šedý těhotenský top s aplikací,"Lehounké šedé triko s aplikací květů kolem výstřihu, výstřih do V. Barva: šedá Materiál: 96% vis",53403,womens-tops-tank-tops-and-t-shirts,Shirt,Shirt,True,True,True,False,Grey,0.0081,0.6746,"['#d1d3d2', '#8a8b8b', '#b0b2b1', '#696a6a']",custom-tag,61.14
15,15,cz,Dámské šaty Figl M117 modré,"Půvabné, elegantní a pohodlné šaty z mírně pružného materiálu. Tříčtvrteční rukávy, nabíraná rozevlátá",184,dresses,Bag,Bag,False,True,False,True,Grey,0.2286,0.3736,"['#5a585d', '#022d8d', '#031754', '#080b1e']",custom-tag,70.94
16,16,cz,Dámské šaty Figl M117 béžové,"Půvabné, elegantní a pohodlné šaty z mírně pružného materiálu. Tříčtvrteční rukávy, nabíraná rozevlátá",184,dresses,Dress,Dress,False,True,False,False,Grey,0.0846,0.4156,"['#565156', '#e2d8d6', '#a69695', '#221615']",custom-tag,54.47
17,17,cz,Dámské šaty Figl M135 modré,"Krásné šaty z pružného materiálu, který se přizpůsobí tvaru těla, bez podšívky. Svůdný výstřih krásně zvýrazn",184,dresses,Bag,Bag,False,True,False,False,Grey,0.2085,0.347,"['#4d4b4f', '#0554b6', '#023379', '#181010']",custom-tag,77.65
18,18,cz,Dámské šaty Figl M135 béžové,"Krásné šaty z pružného materiálu, který se přizpůsobí tvaru těla, bez podšívky. Svůdný výstřih krásně zvýrazn",184,dresses,Bag,Bag,False,True,False,False,Grey,0.0579,0.364,"['#4b494c', '#545255', '#edd9d0', '#1c100e']",custom-tag,69.96
19,19,cz,Dámské šaty Figl M135 černé,"Krásné šaty z pružného materiálu, který se přizpůsobí tvaru těla, bez podšívky. Svůdný výstřih krásně zvýrazn",184,dresses,Bag,Bag,False,True,False,False,Grey,0.0617,0.2815,"['#525053', '#4a484a', '#161316', '#ddb39d']",custom-tag,85.08
20,20,cz,Dámské šaty Figl M079 béžové mocca,Elegantní dámské koktejlové šaty značky Figl. Klasický pouzdrový střih dokonale zdůrazní Vaši postavu. Široká ramínk,184,dresses,Dress,Dress,False,True,False,False,Grey,0.025,0.5788,"['#92918f', '#a1a09e', '#848281', '#321c10']",custom-tag,49.67
21,21,cz,Dámské šaty Figl M079 černé,Elegantní dámské koktejlové šaty značky Figl. Klasický pouzdrový střih dokonale zdůrazní Vaši postavu. Široká ramínk,184,dresses,Dress,Dress,False,True,False,False,Grey,0.0839,0.521,"['#948b8c', '#a49b9b', '#181414', '#7f7676']",custom-tag,53.28
22,22,cz,Dámské šaty Figl M079 modré safírové,Elegantní dámské koktejlové šaty značky Figl. Klasický pouzdrový střih dokonale zdůrazní Vaši postavu. Široká ramínk,184,dresses,Dress,Dress,False,True,False,False,Grey,0.1462,0.5745,"['#a29999', '#8d8485', '#2c3575', '#1a1522']",custom-tag,53.11
23,23,cz,Dámské šaty Figl M079 fuchsiové,Elegantní dámské koktejlové šaty značky Figl. Klasický pouzdrový střih dokonale zdůrazní Vaši postavu. Široká ramínk,184,dresses,Dress,Dress,False,True,False,True,Pink/Magenta,0.5649,0.8742,"['#e424a2', '#eceaec', '#c5087a', '#4b282a']",custom-tag,62.74
24,24,cz,Dámské šaty Figl M079 korálové,Elegantní dámské koktejlové šaty značky Figl. Klasický pouzdrový střih dokonale zdůrazní Vaši postavu. Široká ramínk,184,dresses,Dress,Dress,False,True,False,False,Grey,0.0284,0.5847,"['#9d9c9a', '#91908e', '#868381', '#d24f57']",custom-tag,46.67
25,25,cz,Dámské šaty Figl M076 černé,Dámské romantické šaty vhodné především do společnosti. Šaty mají tříčtvrteční rukávy a délku nad kolena. Kla,184,dresses,Dress,Dress,False,True,False,False,Grey,0.0402,0.5755,"['#b6b6b6', '#a3a2a1', '#171516', '#63564f']",custom-tag,50.83
28,28,cz,Zelené pouzdrové šaty Katrus K028,"Zelené pouzdrové šaty vypasovaného střihu, vzadu zapínání na dlouhý zip. Na ramenou sundávací mašličky. Barva:",184,dresses,Dress,Dress,False,True,False,True,Green,0.2925,0.8325,"['#72cfb7', '#e0dfe4', '#b5998e', '#4d4d44']",custom-tag,66.2
29,29,cz,Žluté pouzdrové šaty Katrus K028,"Žluté pouzdrové šaty vypasovaného střihu, vzadu zapínání na dlouhý zip. Na ramenou sundávací mašličky. Barva:",184,dresses,Dress,Dress,False,True,False,False,Grey,0.0558,0.8969,"['#e0dadd', '#f7f6f7', '#b58270', '#09a89b']",custom-tag,31.58
31,31,cz,Vans Street boty Classic Slip-On,Vans Street boty Classic Slip-On Černá. K dispozici v dámské velikosti. 36. Dámské   Boty   Street boty,536,womens-espadrilles,Sandal,Sandal,True,True,True,False,Grey,0.0371,0.5196,"['#3d3d39', '#dfe0df', '#60605d', '#9f9e9b']",custom-tag,57.34
32,32,cz,Béžové šaty Katrus K057,Dvoubarevné šaty v odstínech béžové. Barevné pruhy jsou na sukni a na rukávech. Šaty mají tříčtvrteční rukávy. Kolov,184,dresses,Dress,Dress,False,True,False,False,White,0.0301,0.8898,"['#e9e8e8', '#d6cac3', '#a89690', '#372724']",custom-tag,48.74
34,34,cz,Modré šaty Nife S08,"Krásné a elegantní šaty ve třech výrazných barvách. Výstřih zdobený saténem, tříčtvrteční rukávy, délk",184,dresses,Dress,Dress,False,True,False,True,Grey,0.2277,0.3986,"['#3e3937', '#696465', '#a9a3a5', '#042863']",custom-tag,59.61
35,35,cz,Šedé šaty Nife S14,"Elegantní a jednoduché dámské šaty. Úzký střih z pružného materiálu, výstřih typu voda, zavázování v pase. Su",184,dresses,Dress,Dress,False,True,False,False,Grey,0.0465,0.7996,"['#cfcbc6', '#bdb9b3', '#e2dedb', '#827f77']",custom-tag,59.32
36,36,cz,Fialové šaty Nife S14,"Elegantní a jednoduché dámské šaty. Úzký střih z pružného materiálu, výstřih typu voda, zavázování v pase. Su",184,dresses,Trouser,Trouser,False,True,False,True,Grey,0.12,0.7038,"['#d2cec8', '#beb9b2', '#472c42', '#e4e0dd']",custom-tag,68.4
38,38,cz,Vestis Dámský župan Shanti 21 47 smetanová - smetanová - S,"Dámský župan od českého výrobce Vestis. Lehký dlouhý župan s límcem a zavazováním na šňůrku. Příjemný měkký materiál se sametovým povrchem. Na venkovní straně má župan vypalovaný kašmírový vzor. Vnitřní strana má jemné chloupky. Župan má velmi snadnou údržbu, nemačká se a nežehlí se. Příjemný, hebký župan výraběný ve dvou střihových variantách s šálovým límcem nebo se zapínáním na knoflíky dostupný v blankytně modré, šeříkové a krémové barvě. Župan se sedlem zapínaný na knoflíky ocení především zralé…",437,womens-bathrobes,Coat,Coat,True,True,True,False,White,0.0459,0.8934,"['#f2efeb', '#ddd9d5', '#c5bfb8', '#733d2d']",custom-tag,42.24
39,39,cz,Casmir Výprodej Korzet Marcelle - bílá - L XL,"Košilka na způsob korzetu je bez kostic, má nastavitelná ramínka a podvazkové sponky. Luxusní průsvitný materiál s kombinaci s nádhernou krajkou a šněrováním uprostřed působí neodolatelně. Navrženo tak, abyste se cítila výjimečně. Volánky na spodní části Vám dodají křehkost a nevinnost. Model je vhodný pro svatební noc nebo pro ženu, která si potrpí na elegantnost. Budete se cítit jako romantická bohyně. Perfektní tanga s krajkou na bocích jsou součástí tohoto modelu. Neváhejte a objednejte si tento…",430,corsets-and-garter-belts,T-shirt/top,T-shirt/top,False,True,False,False,White,0.122,0.7566,"['#ece8e8', '#c6c1c9', '#291813', '#897673']",custom-tag,52.69
40,40,cz,Casio Collection LTP 1303D-7B,,645,mens-watches,Bag,Bag,True,False,False,False,White,0.0417,0.741,"['#f0f0ef', '#bbb7b5', '#7c7976', '#2d2c2b']",custom-tag,40.88
41,41,cz,Dámské šaty Figl M202 béžové,"Jednoduché elegatní šaty pro každou příležitost. V pase a na prsou záševky, vzadu zapínání na zip. Mírně pružný materi&aacu",184,dresses,Dress,Dress,False,True,False,False,Grey,0.0353,0.8001,"['#cfcaca', '#c2bcbc', '#e4dad7', '#9f8f89']",custom-tag,56.83
42,42,cz,Dámské šaty Figl M202 korálové,"Jednoduché elegatní šaty pro každou příležitost. V pase a na prsou záševky, vzadu zapínání na zip. Mírně pružný materi&aacu",184,dresses,Dress,Dress,False,True,False,False,Grey,0.1648,0.7921,"['#ccc6c6', '#beb7b6', '#e24c5d', '#73271c']",custom-tag,46.98
43,43,cz,Letní šaty ve stylu Safari Your Life Your Fashion vel.42 skladem,Letní šaty ve stylu Safari    Letní šaty ve stylu Safari značky Your Life Your Fashion v barvě khaki,184,dresses,Bag,Bag,False,True,False,True,Grey,0.4505,0.8057,"['#fbd9d8', '#d51a4b', '#60735a', '#df846b']",custom-tag,68.91
44,44,cz,Podprsenka Triola 28003 zmenšovací,"Zmenšovací nevyztužená podprsenka TRIOLA 28003 s kosticemi zdobená krajkou. Propracovaný lisovaný košíček opticky zmenší prsa až o jednu velikost. Ramínka, která jsou v horní části rozšířená, uleví šíji a dodají pocit pohodlí.",422,womens-bras,T-shirt/top,T-shirt/top,True,True,True,True,Red,0.5229,0.3922,"['#2d140e', '#6e4823', '#eeeeea', '#a7a399']",custom-tag,22.88
45,45,cz,Bas Bleu Bas Blue Samodržící punčochy Lucrezia červená,"Luxusní samodržící punčochy s širokým krajkovým lemem pro elegantní vzhled.      - Krajkový lem se silikonovými proužky, díky kterým punčochy dobře drží a nekloužou   - Síla materiálu 20 DEN        Materiál: 86% polyamid,14% elastan                  Velikost    S    M    L    XL          Váha kg    49-67    57-75    65-83    do 90          Výška cm    152-173    155-178    157-183    159-193",39577,womens-hosiery,Coat,Coat,True,True,True,True,Red,0.4452,0.5747,"['#ba6458', '#a93d3a', '#211b1f', '#f1dddb']",custom-tag,89.72
46,46,cz,Bas Bleu Samodržící punčochy Amelia černá,"Luxusní samodržící punčochy s širokým krajkovým lemem pro elegantní vzhled.      - Krajkový lem se silikonovými proužky, díky kterým punčochy dobře drží a nekloužou   - Síla materiálu 20 DEN        Materiál: 86% polyamid,14% elastan                    Velikost    S    M    L    XL          Váha kg    49-67    57-75    65-83    do 90          Výška cm    152-173    155-178    157-183    159-193",39577,womens-hosiery,Trouser,Trouser,True,True,True,False,Grey,0.1102,0.69,"['#cdccd0', '#eae9ea', '#221715', '#9b908e']",custom-tag,74.64
47,47,cz,SOFTLINE COLLECTION Erotická tanga 2295,2295 - Sexy tanga 2295 SoftLine collection vyrobená ze samých tenkých šňůreček zdobená srdíčky.,5382,panties-and-thongs,Trouser,Trouser,False,True,False,False,White,0.1922,0.5948,"['#e6e4dd', '#151517', '#b4b5ae', '#665a58']",custom-tag,47.62
50,50,cz,SOFTLINE COLLECTION Erotická tanga 2314,2314 - Sexy tanga 2314 SoftLine collection z jemné krajky a tylu.,5382,panties-and-thongs,Trouser,Trouser,False,True,False,True,Black,0.3423,0.5267,"['#1f0c0b', '#e1e1db', '#b3b3a9', '#5a3c36']",custom-tag,55.19
51,51,cz,SOFTLINE COLLECTION Samodržící punčochy 5517 bílá,5517 white - Dámské samodržící punčochy 5517 SoftLine collection.,39577,womens-hosiery,Shirt,Shirt,True,True,True,False,Grey,0.0905,0.7509,"['#dddbd5', '#bfb9ae', '#8c8b80', '#312f27']",custom-tag,71.79
52,52,cz,Electric Lingerie Svůdný Bodystocking EH526 černá,Svůdný bodystocking EH526 v černém provedení. Smyslně průsvitná síťovina společně s otevřeným klínem nenechá vašeho partnera chladným.       - Otvor v rozkroku   - Elastický materiál   - Otevřený klín   - Pasuje na každou velikost.          Materiál: 95 % nylon + 5 % spandex,39577,womens-hosiery,Bag,Bag,True,True,True,True,Black,0.5754,0.2513,"['#100808', '#53261c', '#8f533b', '#c2a593']",custom-tag,70.39
54,54,cz,Kalimo Pohodlný komplet Venice červený,"Pohodlná saténová souprava skládající se z košilky a šortek. Hloubku výstřihu lze regulovat nastavitelnými ramínky. Šortky jsou při nošení maximálně pohodlné. Po bocích jsou ozdobené malou mašličkou. Pyžamo je ideálním řešením Pohodlná saténová souprava skládající se z košilky a šortek. Hloubku výstřihu lze regulovat nastavitelnými ramínky. Šortky jsou při nošení maximálně pohodlné. Po bocích jsou ozdobené malou mašličkou. Pyžamo je ideálním řešením pro ženy, které oceňují eleganci. Materiál poskytuje měkkost na vnitřní straně a vysoký lesk na vnější straně. Celková délka košilky měřená od bočního švu je 35 cm. Sada je balena v elegantním, dvoudílném balení, takže to může být zajímavý nápad na dárek. Materiál: 97% polyester, 3% elastan",386,women-s-shorts,Trouser,Trouser,True,True,True,True,Red,0.8131,0.6663,"['#7c0314', '#b70d1d', '#e54946', '#ede8e7']",custom-tag,40.18
55,55,cz,Beechfield Multifunkční šátek Morf Beechfield B920 Černá,Teplý multifunkční šátek bez švů v 6 barevných variantách.,6372,womens-shawls-and-scarves,Coat,Coat,True,True,True,False,Black,0.0002,0.1386,"['#1d1d1d', '#121212', '#dcdcdb', '#7e7e7e']",custom-tag,46.92
56,56,cz,James & Nicholson Pánská zimní softshellová bunda James & Nicholson JN1000 Aqua modrá S,Pánská zimní softshellová bunda ve velikosti S-3XL.,86519,mens-sport-jackets,Bag,Bag,True,False,False,True,Blue,0.7305,0.8495,"['#399bf2', '#1f73be', '#112c3a', '#e9f7fb']",custom-tag,71.49
57,57,cz,Výrazné šaty Nife S28 růžové,"Růžové šaty volnějšího střihu, zkrácené rukávy s dvojitým lemem. Vpředu kulatý výstřih, vzadu hlubší výstřih",184,dresses,Dress,Dress,False,True,False,True,Yellow,0.3458,0.6719,"['#aba78e', '#9c9679', '#da1e51', '#511b16']",custom-tag,48.1
58,58,cz,Dámské šaty Figl M181 tyrkysové,"Elegantní pouzdrové dámské šaty v tyrkysové barvě, jednoduchý volnější střih. Lodičkový výstřih lemovaný malý",184,dresses,Dress,Dress,False,True,False,False,Grey,0.0778,0.7811,"['#cecac7', '#beb9b6', '#a9d7d9', '#75746c']",custom-tag,50.53
59,59,cz,Dámské šaty Figl M181 smetanové,"Elegantní pouzdrové dámské šaty ve smetanové barvě, jednoduchý volnější střih. Lodičkový výstřih lemovaný mal&yacute",184,dresses,Dress,Dress,False,True,False,False,Grey,0.0471,0.7947,"['#c5bfbc', '#d7d3d1', '#a49791', '#2d130e']",custom-tag,51.6
60,60,cz,Dámské šaty Figl M083 modré,"Elegantní dámské šaty v modré barvě, široká ramínka, široká skládaná sukně. S podšívkou. Pásek",184,dresses,Dress,Dress,False,True,False,False,Grey,0.1985,0.7123,"['#c6c3b4', '#b1ad9f', '#4177b9', '#2f2831']",custom-tag,56.74
62,62,cz,Něžné žluté šaty Nife S43,"Něžné dívčí šaty s krátkým rukávem, zajímavě řešenou sukní s krajkovými vsadkami. S podšívkou.",184,dresses,Dress,Dress,False,True,False,False,White,0.0512,0.8913,"['#e6e4de', '#dedcd3', '#f7f1df', '#4b4032']",custom-tag,48.82
63,63,cz,"Růžové plavky se zlatou nitkou SANSelle, Francie",,201,bikinis,T-shirt/top,T-shirt/top,False,True,False,True,Black,0.4777,0.5271,"['#1d1515', '#e65daa', '#7d3c33', '#e9dfdc']",custom-tag,38.27
65,65,cz,"Fialové plavky se zlatou nitkou SANSelle, Francie",,201,bikinis,T-shirt/top,T-shirt/top,False,True,False,True,Purple,0.4291,0.5361,"['#64459c', '#181417', '#653e41', '#ede6e4']",custom-tag,27.04
66,66,cz,"Fialové plavky se zlatými kroužky 1404-0052 SANSelle, Francie",1404-0052 36 38,201,bikinis,T-shirt/top,T-shirt/top,False,True,False,True,Pink/Magenta,0.6581,0.5757,"['#9e2b71', '#75362a', '#501c11', '#f3e9e3']",custom-tag,26.36
67,67,cz,Elegantní dámská sukně Figl M160 vínová,Elegantní dámská pouzdrová sukně s vysokým lesklým pasem. Úzký střih kopírující postavu. Barva: v&ia,234,womens-skirts,Shirt,Shirt,True,True,True,False,Grey,0.0937,0.7507,"['#cbc7c8', '#b9b0b1', '#692632', '#f2eff0']",custom-tag,67.82
68,68,cz,Kalimo Elegantní župan Panama černý,"Elegantní dámský župan vyrobený ze saténu dělá efekt padající vody.   Elegantní dámský župan vyrobený ze saténu dělá efekt padající vody. Kimonové rukávy je možno nosit jednoduše volně a nebo zahnuté manžety. V páse je saténový pásek na zavazování. Župan Panama je vhodným kompletem k saténové košilce značky Kalimo. Materiál poskytuje měkkost na vnitřní straně a vysoký lesk na vnější straně. Celková délka měřená od bočního švu je 89 cm. Župan je zabaleny v elegantním dárkovém balení, takže může být ideální volbou na dárek pro někoho výjimečného.    Zboží je dárkově baleno v elegantní krabičce.     Materiál: 97% polyester, 3% elastan",437,womens-bathrobes,Bag,Bag,True,True,True,True,Black,0.633,0.2832,"['#0f0603', '#442d19', '#a0713a', '#faf3c2']",custom-tag,86.77
70,70,cz,BRADO dámské lodičky Wawel R1380-88,"Elegantní v patě otevřené lodičky Wawel R1380-88 fialová z kolekce Brado s prodlouženou špičkou vhodné pro společenské příležitosti. Vyrobené z velurové kůže vínově červené až fialově vyznívající barvy. Svršek zakončen páskem přes patu regulovatelným pomocí elegantní přezky. Jemné kožené podšívky a stélky ve světle béžové barvě. Stélky polštářovány v oblasti pat, klenku a nášlapu pro pohodlnou chůzi. Podpatek elegantní jehlový lakovaný černý, výšky cca 6,0cm. Podešev hladká.",501,heels,Sandal,Sandal,False,True,False,True,Brown,0.2688,0.5063,"['#45362e', '#91825f', '#cdcaaf', '#f2f2e9']",custom-tag,35.06
72,72,cz,Kalimo Elegantní župan Panama bílý,"Elegantní dámský župan vyrobený ze saténu dělá efekt padající vody.   Elegantní dámský župan vyrobený ze saténu dělá efekt padající vody. Kimonové rukávy je možno nosit jednoduše volně a nebo zahnuté manžety. V páse je saténový pásek na zavazování. Župan Panama je vhodným kompletem k saténové košilce značky Kalimo.   Materiál poskytuje měkkost na vnitřní straně a vysoký lesk na vnější straně. Celková délka měřená od bočního švu je 89 cm. Župan je zabalen v elegantním dárkovem balení, takže může být ideální volbou na dárek pro někoho výjimečného.    Zboží je dárkově baleno v luxusní krabičce.     Materiál: 97% polyester, 3% elastan",437,womens-bathrobes,Coat,Coat,True,True,True,False,White,0.0723,0.9032,"['#eff0f1', '#dad4d1', '#b0a4a1', '#904c2a']",custom-tag,37.62
74,74,cz,Dámské šaty Figl M277 modré,"Velmi pohodlné, jednoduché a přitom elegantní šaty vhodné na léto i společenské příležitosti. Volný splývavý střih, zavazov",184,dresses,Dress,Dress,False,True,False,True,Navy Blue,0.2578,0.4622,"['#232437', '#ebe7e9', '#d0c7c8', '#aea1a0']",custom-tag,55.74
75,75,cz,Dámské šaty Figl M299 modré,"Krásné elegantní šaty vhodné na denní nošení a i slavnostní příležitosti. Pohodlný splývavý střih do A, stoja",184,dresses,Dress,Dress,False,True,False,False,Grey,0.1032,0.8928,"['#ced7ea', '#c5b8bb', '#ece6e8', '#92787e']",custom-tag,35.26
76,76,cz,Dámské šaty Figl M299 růžové,"Krásné elegantní šaty vhodné na denní nošení a i slavnostní příležitosti. Pohodlný splývavý střih do A, stoja",184,dresses,Dress,Dress,False,True,False,True,Pink/Magenta,0.2242,0.9521,"['#fcb4cf', '#ece2e3', '#cfb4b4', '#a54e56']",custom-tag,61.11
77,77,cz,Evona Seta a bavlnou,"Dámské podkolenky Evona s bavlnou a zesílenou patou.Antibakteriální úprava.  Materiál 60% bavlna, 36% polyamid, 4% elastan.  Jemnost 80 DEN.  Dámské podkolenky jsou v barvě bílé, černé a hnědé.  UNI velikost.",1017,underwear-sets,Ankle boot,Ankle boot,True,True,True,False,Grey,0.1026,0.8333,"['#dccec6', '#f4f2f0', '#a19791', '#35231b']",custom-tag,78.82
78,78,cz,NoName Luxusní stylové plavky se zlatým lemováním,"Dámské dvoudílné tyrkysové plavky - bikiny.   Plavky jsou dvoudílné, podšité, s vyjímatelnými vycpávkami, zavazování za krkem, zapínání na zádech. Díky perfektnímu střihu horní díl skvěle vytvaruje každé poprsí.Tyrkysové se zlatým pleteným lemem. Na velikost košíčků 1-2.   Materiál: 90% polyester, 10% Elastan   Rozměry: vrchní díl: obvod 72-95cm, výška 14cm spodní díl: obvod 62-84cm pro obvod přes boky max 95cm",201,bikinis,Bag,Bag,False,True,False,True,Brown,0.5791,0.4294,"['#494036', '#06938a', '#187064', '#7c8c75']",custom-tag,100.0
79,79,cz,Carlington Kotníkové boty RINZI,Carlington Kotníkové boty RINZI Černá. K dispozici v pánské velikosti. 39. Pánské   Boty   Kotníkové boty,78521,womens-boots-and-booties,Ankle boot,Ankle boot,True,True,True,False,Grey,0.0302,0.3345,"['#353534', '#595959', '#929392', '#dde1e1']",custom-tag,39.6
80,80,cz,Merrell Pohorky INTERCEPT,Merrell Pohorky INTERCEPT Hnědá. K dispozici v pánské velikosti. 40. Podšívka ze síťoviny s antibakteriálnyou úpravou M-Fresh pro omezení nepříjemných zápachů Vnitřní stélka z pěny EVA Vnější stélka z kaučuku Vibram pro dobrou přilnavost. Pánské   Boty   Pohorky,65823,mens-outdoor-shoes,Sneaker,Sneaker,True,False,False,True,Orange,0.2162,0.4538,"['#715f51', '#4a443f', '#9d836c', '#d8d6d5']",custom-tag,58.2
81,81,cz,La City Krátké šaty RTANIA,La City Krátké šaty RTANIA Černá. K dispozici v dámské velikosti. DE 32. Dámské   Oblečení   Krátké šaty,184,dresses,Dress,Dress,False,True,False,False,Grey,0.085,0.2874,"['#423d3f', '#313031', '#f2e8e2', '#ab9f9d']",custom-tag,72.2
82,82,cz,Manoush Svetry NANY,Manoush Svetry NANY Modrá. K dispozici v dámské velikosti. S. Dámské   Oblečení   Svetry,235,womens-sweaters,T-shirt/top,T-shirt/top,True,True,True,True,Black,0.3457,0.2226,"['#161a23', '#3e424b', '#7c8189', '#d4d7de']",custom-tag,79.82
83,83,cz,Citrouille et Compagnie Tenisky Dětské KIPPI BOU,Citrouille et Compagnie Tenisky Dětské KIPPI BOU Modrá. K dispozici v chlapecké velikosti. 20. Dětské   Boty   Tenisky,2811,boys-shoes,Sneaker,Sneaker,True,False,False,True,Navy Blue,0.1389,0.4619,"['#2f2f3a', '#ccd0d2', '#a6a9a9', '#7a7067']",custom-tag,44.79
84,84,cz,BCBGeneration Krátké šaty 616935,BCBGeneration Krátké šaty 616935 Černá. K dispozici v dámské velikosti. US 8. Dámské   Oblečení   Krátké šaty,184,dresses,Dress,Dress,False,True,False,False,Black,0.0791,0.176,"['#221f20', '#2e2b2b', '#e6e4dd', '#7f7d7c']",custom-tag,44.32
85,85,cz,BCBGeneration Krátké šaty 617437,BCBGeneration Krátké šaty 617437 Zelená. K dispozici v dámské velikosti. US 6. Dámské   Oblečení   Krátké šaty,184,dresses,Dress,Dress,False,True,False,False,White,0.0492,0.8852,"['#e7eeee', '#d9e4e2', '#ccd9d6', '#bececa']",custom-tag,28.21
86,86,cz,El Naturalista Kotníkové boty NIDO,El Naturalista Kotníkové boty NIDO Černá. K dispozici v dámské velikosti. 36. Vyjímatelná stélka Recyklace: tento model obsahuje zip a recyklovanou gumovou podrážku. Interiér boty bez chromu. Společnost El Naturalista se zavázala snižovat dopad své výroby. Dámské   Boty   Kotníkové boty,78521,womens-boots-and-booties,Ankle boot,Ankle boot,True,True,True,True,Grey,0.2005,0.3653,"['#2f2e2a', '#655647', '#b09776', '#dbcdba']",custom-tag,40.34
87,87,cz,Fluchos Mokasíny LUCA,Fluchos Mokasíny LUCA Černá. K dispozici v pánské velikosti. 39. Pánské   Boty   Mokasíny,680,men-dress-shoes,Bag,Bag,True,False,False,False,Grey,0.0582,0.4133,"['#5f6262', '#404140', '#8d9192', '#d2d7d6']",custom-tag,61.22
88,88,cz,DKaren Dámský župan Diana violet fialový,Dámský župan Diana fialový s kapucí v délce nad kolena. Dámský župan Diana fialový s kapucí v délce nad kolena.  Materiál: 100% polyester,437,womens-bathrobes,Coat,Coat,True,True,True,True,Grey,0.1676,0.6634,"['#dddcd6', '#6e657e', '#9a969e', '#372a36']",custom-tag,45.61
89,89,cz,DKaren Dámský župan Diana vanilkový,"Luxusní župan Diana značky Dkaren v vanilkové barvě. Župan je velmi příjemný a jemný na dotek.   Luxusní župan Diana značky Dkaren v vanilkové barvě. Župan je velmi příjemný a jemný na dotek. Župan je vyroben z příjemného měkkého materiálu s delším vlasem tzv.Lama, který se snadno udržuje a rychle schne. Zdobí ho kapuce, po stranách má všité kapsy a zavazuje se na pásek. Doporučujeme.    Materiál: 100% polyester",437,womens-bathrobes,Ankle boot,Ankle boot,True,True,True,False,White,0.0835,0.6722,"['#e2ded8', '#726769', '#a29fa2', '#1d1817']",custom-tag,63.83
91,91,cz,Naf Naf Krátké šaty KEUR,Naf Naf Krátké šaty KEUR Černá. K dispozici v dámské velikosti. DE 34. Dámské   Oblečení   Krátké šaty,184,dresses,Dress,Dress,False,True,False,False,Grey,0.0241,0.215,"['#373638', '#2d2d2d', '#80807e', '#d3d2d2']",custom-tag,49.81
92,92,cz,Livia Corsetti Bodystocking Josslyn S L černá,"Kategorie: Dámské erotické prádloTyp: BodystockingVýrobce: Livia Corsetti FashionBody Livia Corsetti Josslyn se vzorem materiálu v horní části těla a rozšiřování dolů vyzdvihuje a zdůrazňuje vlastnosti ženského těla. Velmi sexy a zajímavé řešení dokáže probudit představivost a přidává pikantost. Vlastnosti:otevřený rozkrokelastická tkaninauniverzální velikost S L - ideálně se hodí pro lidi, kteří nosí velikost S, M a Lbodystocking je také ve velikosti XL XXL Materiál: 90% Polyamid, 10% ElastanTabulka velikostí Livia CorsettiVelikostObvod přes prsaObvod pasuObvod bokůS M84-9262-7488-98L XL93-10075-8299-109S L84-9662-7888-104XL XXL97-10479-88105-117S84-8862-6888-93M89-9269-7494-98L93-9675-7899-104XL97-10079-82105-109XXL101-10483-90110-117XXXL105-10891-100118-122",430,corsets-and-garter-belts,T-shirt/top,T-shirt/top,False,True,False,True,Grey,0.1151,0.5139,"['#a89c95', '#dbd0c8', '#51504f', '#29211e']",custom-tag,58.13
93,93,cz,Beauty Night Dorothy black Erotická souprava S M černá,"Kategorie: Dámské erotické prádloTyp: Erotické korzety Výrobce: Beauty Night FashionElegantní souprava Dorothy Beauty Night fashion. Souprava je vyrobena v kombinaci lesklé látky a jemného tylu. Košíčky jsou vyztuženy kosticemi. Přední část zdobí rafinované šněrování. V dolní části jsou gumové podvazkové pásy. Tanga jsou součástí soupravy. Produkt je balený v dárkovém pytlíčku, který je ideální pro skladování. V elegantní krabičce s obrázkem zboží, které je uvnitř balení a s logem Beauty Night Fashion.Materiál: 88% poliester, 12% elastanZkontrolujte svou velikost - Tabulka velikostí Beauty Night Fashion",430,corsets-and-garter-belts,Bag,Bag,False,True,False,True,Red,0.3919,0.4793,"['#271916', '#dfe0c5', '#cf982c', '#8d8a8b']",custom-tag,85.78
94,94,cz,Andalea MC 9003 Pánské boxerky L XL červená,"Kategorie: Pánské erotické prádlo Typ: Sexy boxerky Výrobce: AndaleaBoxerky plné žáru a temperamentu od firmy Andalea. Klasický model byl ušit z netradiční latexové, sexy červené látky. Jestli má Tvůj muž smysl pro humor, je odvážný, má rád převleky, nebo prostě pro Tebe udělá vše, tak je tento model pro něj přímo stvořený! Všimněte si zajímavých černých detailů: vodorovné gumičky, která přidržuje celek, a svislého lemování, které spolu se zipem zvýrazňuje mužské přednosti. Velmi přitažlivé, že ano? Takovéto nové, lehce prudérní převtělení muže zve ke společným hrátkám! Nový úhel pohledu na pánské spodní prádlo!Zkontrolujte svou velikost - Tabulka velikostí Andalea",6133,mens-undergarments,Trouser,Trouser,True,False,False,False,White,0.1454,0.8816,"['#ede1e0', '#9c0f23', '#390a0c', '#d95c68']",custom-tag,30.41
95,95,cz,Irall Desiree černá Sukně L černá,"Sexy mini sukně je vyrobená z kvalitní, lesklé látky V-lack. Sukně je velmi smylná. Složení: 80% polyamid, 20% elastan.",234,womens-skirts,Dress,Dress,True,True,True,True,White,0.1377,0.6724,"['#f7f4ec', '#29211d', '#d6ccc3', '#837c75']",custom-tag,59.52
96,96,cz,Lola Krátké šaty RUPTURE TYPHON,Lola Krátké šaty RUPTURE TYPHON Šedá. K dispozici v dámské velikosti. DE 34. Dámské   Oblečení   Krátké šaty,184,dresses,Dress,Dress,False,True,False,True,Navy Blue,0.2835,0.3165,"['#343a49', '#3e4557', '#212327', '#bbbdc1']",custom-tag,52.0
97,97,cz,Naf Naf Krátké šaty LYJO,Naf Naf Krátké šaty LYJO Černá. K dispozici v dámské velikosti. DE 32. Dámské   Oblečení   Krátké šaty,184,dresses,Dress,Dress,False,True,False,False,Grey,0.068,0.2517,"['#343130', '#403d3e', '#797573', '#dbd8d6']",custom-tag,59.32
98,98,cz,Tanga Gabidar 121,Tanga Gabidar 121.,5382,panties-and-thongs,Trouser,Trouser,False,True,False,False,White,0.0671,0.8704,"['#eee6e5', '#dacece', '#beafac', '#4c748b']",custom-tag,38.44
100,100,cz,Naf Naf Krátké šaty LYLOMA,Naf Naf Krátké šaty LYLOMA Černá. K dispozici v dámské velikosti. DE 34. Dámské   Oblečení   Krátké šaty,184,dresses,Shirt,Shirt,False,True,False,False,Black,0.1035,0.1785,"['#262226', '#2e2b2e', '#ceccce', '#716f70']",custom-tag,78.61
101,101,cz,Dámský overal Katrus K178 tyrkysový,"Dámský sportovní overal, v pase na stažení, po stranách na bocích kapsy a na prsou kapsička. Zapínání na zip. Příjemný mate",853,womens-jumpsuits,Dress,Dress,True,True,True,False,White,0.0712,0.9086,"['#e3f1ed', '#d5dfd9', '#b8b1a7', '#3b2c26']",custom-tag,27.95
102,102,cz,Dámské šaty Kartes KM52 černé,"Krásné elegantní šaty klasického pouzdrového střihu, vrchní díl z krajky podšité béžovou látkou, úzká",184,dresses,Dress,Dress,False,True,False,True,Purple,0.1329,0.4978,"['#2e2a32', '#ece9e8', '#1a151a', '#7b6e6b']",custom-tag,31.17
103,103,cz,Dámský overal Figl M236 bílohnědý,"Elegantní dámský overal volnějšího střihu, v pase do gumy, za krkem na zavázání. Barva: bílá hnědá",853,womens-jumpsuits,Dress,Dress,True,True,True,False,White,0.1025,0.8168,"['#efeeeb', '#bda2a1', '#a38687', '#301e17']",custom-tag,46.38
104,104,cz,Dámský overal Figl M236 oranžovošedý,"Elegantní dámský overal volnějšího střihu, v pase do gumy, za krkem na zavázání. Barva: oranžová šedá",853,womens-jumpsuits,Dress,Dress,True,True,True,False,Grey,0.1392,0.6469,"['#807387', '#edeef1', '#e0b2af', '#35221e']",custom-tag,36.08
105,105,cz,Dámský overal Figl M236 bílozelený,"Elegantní dámský overal volnějšího střihu, v pase do gumy, za krkem na zavázání. Barva: bílá zelená",853,womens-jumpsuits,Dress,Dress,True,True,True,False,Grey,0.0627,0.6961,"['#8e9085', '#f0f0ee', '#70726a', '#c8c0b8']",custom-tag,46.73
106,106,cz,Společenské šaty s krajkou Katrus K068 smetanové,"Společenské minišaty s tříčtvrtečními rukávy, áčkovou sukní a dvěma krajkovými vsadkami v horním díle. Barva:",184,dresses,Shirt,Shirt,False,True,False,False,White,0.0165,0.9122,"['#eae9e7', '#e1dfdc', '#d5d0cb', '#9e5840']",custom-tag,65.18
107,107,cz,Dámská halenka Katrus K008 modrá,Elegantní jednoduchá dámská halenka - kabátek v nepřehlédnutelné barvě. Barva: modráMateriál:,6,womens-blouses-and-shirts,Shirt,Shirt,True,True,True,True,White,0.3685,0.8051,"['#e3e1e5', '#0946b0', '#393145', '#9695a9']",custom-tag,35.85
108,108,cz,Dámská halenka Katrus K008 zelená,Elegantní jednoduchá dámská halenka - kabátek v nepřehlédnutelné barvě. Barva: zelenáMateriál:,6,womens-blouses-and-shirts,Shirt,Shirt,True,True,True,True,White,0.2944,0.8751,"['#dfe4e8', '#19d2d4', '#a8c4ca', '#558e8f']",custom-tag,24.92
109,109,cz,Dámská halenka Katrus K133 smetanová,"Krásná bavlněná halenka s volnými rameny, kolem výstřihu, v dolním lemu a na rukávech guma. Barva: smetanová",6,womens-blouses-and-shirts,Shirt,Shirt,True,True,True,False,White,0.0807,0.8543,"['#ece8e6', '#182339', '#b4a69f', '#34445b']",custom-tag,30.1
110,110,cz,Dámská halenka Katrus K138 smetanová,"Elegantní dámská halenka z průsvitného materiálu, volnější střih, zkrácené rukávy, saténové lemování.",6,womens-blouses-and-shirts,Bag,Bag,True,True,True,False,White,0.0722,0.8627,"['#ede9e7', '#dad0cd', '#1e2940', '#b2a49e']",custom-tag,75.39
111,111,cz,Andalea MC 9005 Pánské boxerky L XL černá,"Kategorie: Pánské erotické prádlo Typ: Sexy boxerky Výrobce: AndaleaTradiční styl pánských, elastických boxerek, které jsou bezostyšně přešité přímo uprostřed zipem, který umožňuje rychlé odhalení toho, co zahalují. Pohodlná, jemná látka krásně obepíná mužské tělo a způsobuje, že se majitel cítí velmi pohodlně. Boxerky Andalea z nové kolekce, spojují moderní pojetí mužské sexuality s elegancí, oblíbenou mezi ženami. Zkušenosti ve světě spodního prádla nám říkají, že tento střih bude hit na příštích pár sezón a vyplatí se ho mít ve svém šuplíku s pánským spodním prádlem!Zkontrolujte svou velikost - Tabulka velikostí Andalea",6133,mens-undergarments,Trouser,Trouser,True,False,False,False,White,0.0814,0.8668,"['#f6edec', '#efe5e4', '#160e14', '#a98a8a']",custom-tag,26.96
113,113,cz,NoName Luxusní stylové plavky se zlatým lemováním fialové,"Dámské dvoudílné fialové plavky - bikiny.   Plavky jsou dvoudílné, podšité, s vyjímatelnými vycpávkami, zavazování za krkem, zapínání na zádech. Díky perfektnímu střihu horní díl skvěle vytvaruje každé poprsí. Zdobené zlatým pleteným lemem. Na velikost košíčků 1-2.   Materiál: 90% polyester, 10% Elastan   Rozměry: vrchní díl: obvod 72-95cm, výška 14cm spodní díl: obvod 62-84cm pro obvod přes boky max 95cm",201,bikinis,Bag,Bag,False,True,False,True,Pink/Magenta,0.6319,0.4805,"['#7b2664', '#653925', '#9a5964', '#f1e1d6']",custom-tag,100.0
114,114,cz,Dámská halenka pruhy F&F,"Dámská strečová halenka s tříčtvrtečním rukávem.   Komfortní, velmi příjemný materiál,který v kombinaci s delším provedením nepřidává na objemu. Efektně provedený lodičkový výstřih s bočními vsadkami.  Rozměry : obvod přes prsa 94cm obvod pas 87cm, obvod spodního okraje 101cm délka 70,5cm  Materiál: 95%bavlna,5% elastan",6,womens-blouses-and-shirts,Shirt,Shirt,True,True,True,True,Grey,0.2446,0.5854,"['#d3dbd9', '#1c2239', '#a7acb0', '#735370']",custom-tag,50.53
115,115,cz,American Retro Krátké šaty JOSEPH,American Retro Krátké šaty JOSEPH Černá. K dispozici v dámské velikosti. DE 32. Dámské   Oblečení   Krátké šaty,184,dresses,Shirt,Shirt,False,True,False,False,Grey,0.0702,0.149,"['#262628', '#18181a', '#7f7a7c', '#d1d0d1']",custom-tag,78.33
116,116,cz,Beauty Night Eveline white Erotické šaty XXL bílá,"Kategorie: Dámské erotické prádloTyp: Erotické šatyVýrobce: Beauty Night FashionElegantní a sexy šaty Eveline Beauty Night fashion jsou vyrobeny z příjemného pružného materiálu obepínajícího postavu. Měkké podprsenkové košíčky vyztuženy kosticemi zdobí černý lem z elastického saténu. Mezi košíčky je koketní mašlička. Zadní část tvoří hluboký výstřih zdobený nápaditým šněrováním. K šatům jsou napevno přišity černé podvazkové pásky, které mohou být použity pro přidržení punčocháčů. Punčocháče nejsou součástí balení. V případě, že nejsou punčocháče použity podvazky z pod volánku nevyčnívají. Jednoduchá tanga jsou součástí balení.Produkt je dodáván v dárkovém pytlíčku, který je ideální pro skladování a to vše je zabaleno v krabičce s fotografií příslušného zboží. Zkontrolujte svou velikost - Tabulka velikostí Beauty Night Fashion",39577,womens-hosiery,Shirt,Shirt,True,True,True,True,White,0.2252,0.6331,"['#eee9ea', '#25140f', '#d0c0bc', '#675146']",custom-tag,63.73
117,117,cz,Obsessive Souprava Punker dress S M černá,"Kategorie: Dámské erotické prádlo Typ: Sexy šaty Výrobce: ObsessiveFrivolní, sexy šatičky Punker dress Obsessive obsahuje top a mini sukni v jednom. Vrchní část je vyrobená ze síťoviny s volnými, širokými rukávy, spodní část je z příjemné, upnuté, elastické látky. Zadní strana je identická s přední.Součástí šatů jsou sexy tanga.Materiál: 90% Polyamid + 10% ElastanZkontrolujte svou velikost - Tabulka velikostí Obsessive",5382,panties-and-thongs,Bag,Bag,False,True,False,True,Purple,0.2851,0.2641,"['#584c5f', '#110b0b', '#35282d', '#fefcff']",custom-tag,99.9
118,118,cz,Andalea MC 9004 Pánské boxerky L XL černá,"Kategorie: Pánské erotické prádlo Typ: Sexy boxerky Výrobce: AndaleaSkutečný macho, to jsou boxerky od firmy Andalea! Moderní spodní prádlo, a především to pánské, se v dnešních dobách vyvíjí zajímavým směrem. Latex se nám většinou pojí s erotickým spodním prádlem, ale tento model je úplně z jiného světa, ve kterém se pojí každodenní styl se smyslností. Boxerky jsou celé ušité z latexové, černé, elastické látky, která krásně ladí s postavou. Muž by řekl, takové vyladění postavy, jak podmanivé, ukazující odvahu majitele, sexy pocit vlastní erotické hodnoty! Černé, nelesklé lemování kolem mužské chlouby a ten stříbrný zip uprostřed! Vytvořte své nové erotické příběhy s účastí těchto boxerek.Zkontrolujte svou velikost - Tabulka velikostí Andalea",6133,mens-undergarments,Trouser,Trouser,True,False,False,False,White,0.0878,0.8447,"['#f7ebea', '#ebe0df', '#1f151a', '#6d6067']",custom-tag,40.2
120,120,cz,Naf Naf Krátké šaty ECAPS,Naf Naf Krátké šaty ECAPS ruznobarevne. K dispozici v dámské velikosti. DE 34. Dámské   Oblečení   Krátké šaty,184,dresses,T-shirt/top,T-shirt/top,False,True,False,True,Navy Blue,0.2332,0.4932,"['#2b2f35', '#5f7364', '#e0e3ce', '#a3aa96']",custom-tag,80.59
121,121,cz,Naf Naf Krátké šaty LYMELL,Naf Naf Krátké šaty LYMELL Bílá. K dispozici v dámské velikosti. DE 34. Dámské   Oblečení   Krátké šaty,184,dresses,Dress,Dress,False,True,False,False,White,0.0497,0.8762,"['#e1ded5', '#e9e6e0', '#d7d3cb', '#c3bfb9']",custom-tag,23.08
122,122,cz,Pepe jeans Kapsáčové kalhoty VENUS,Pepe jeans Kapsáčové kalhoty VENUS Černá. K dispozici v dámské velikosti. US 34   32. Dámské   Oblečení   Kapsáčové kalhoty,373,womens-pants,Trouser,Trouser,True,True,True,False,Grey,0.107,0.2201,"['#28282d', '#f7f7f7', '#b6b6b8', '#727274']",custom-tag,99.85
123,123,cz,Zelené šaty MOE 053,"Prodloužené šaty s dlouhým rukávem jsou příjemné, pohodlné a trendy! Díky měkkému materiálu se v nich budeš cítit skvěle během celého dne, přední část je zdobená kapsou s motivem srdce, které je doplněno kovovým zlatým srdíčkem.",184,dresses,Dress,Dress,False,True,False,False,Grey,0.0513,0.8236,"['#dddcda', '#6b6444', '#2d230f', '#958e76']",custom-tag,34.12
125,125,cz,DKaren Dámský saténový župan Gina bílý,"Elegantní smetanově bílý saténový župan v modním střihu.  Elegantní smetanově bílý saténový župan v modním střihu. Dlouhé rukávy jsou obšité jemnou krajkou. Župan je lehký a pohodlný, vhodný ke košilce značky DKaren. Vhodný dárek, který potěší každou ženu.    Zboží je dárkově baleno v luxusní krabičce.     Materiál: 100% polyester   satén Materiál: 100% polyester satén",437,womens-bathrobes,Coat,Coat,True,True,True,False,White,0.0479,0.8191,"['#f4f1ed', '#b3ada9', '#e0dbd7', '#2e2824']",custom-tag,35.86
126,126,cz,Obsessive VÝPRODEJ Kalhotky Monita shorties - bílá - L XL,"Nádherné, sněhobílé šortky s roztomilým zdobením!",386,women-s-shorts,Trouser,Trouser,True,True,True,False,Grey,0.041,0.8173,"['#bfbdbf', '#d7d4d5', '#edebec', '#502814']",custom-tag,49.11
127,127,cz,Beauty Night Fashion Erotický kostým Sussie - černá-bílá - S M,"Smyslný, sexy kostým zdůrazňující ženskou krásu Sussie Beauty Night Fashion je vyroben z velké části z černé a bílé elastické látky. Neobvykle smyslně působí volánková krajka v dekoltu, ozdobená černými mašličkami. Soupravu tvoří top, mini sukně a tanga. Produkt je balený v dárkovém pytlíčku, který je ideální pro skladování. V elegantní krabičce s obrázkem zboží co je uvnitř a s logem Beauty Night.",5382,panties-and-thongs,Shirt,Shirt,False,True,False,True,White,0.2632,0.663,"['#e9e8e1', '#79561e', '#120b0a', '#cbc6b6']",custom-tag,81.18
128,128,cz,DKaren Dámský župan Viki grey - šedá - S,"Dlouhý pohodlný župan Viki DKaren v šedé barvě. Jednoduchý střihem a nezaměnitelný půvabem a kvalitou zpracování. Župan s dlouhými rukávy s kapsami a opaskem. Vyroben z jemného, elastického, přírodního materiálu viskózy. Velice příjemný materiál na dotek, příjemně se nosí. Zboží je dárkově baleno v luxusní krabičce. Vhodný jako dárek, který potěší každou ženu.",437,womens-bathrobes,Coat,Coat,True,True,True,False,White,0.0096,0.8761,"['#e9e9ea', '#b2b0b3', '#939193', '#3c3534']",custom-tag,37.22
129,129,cz,Peněženka King 380 brown,Peněženka King 380 brown.  Dámská peněženka na zapínání na cvok.  Přihrádka na bankovky + přihrádka na karty + průhledná přihrádka.  Venkovní kapsa na cvok na drobné.  Rozměry: 12 cm x 9 cm x 3 cm,203,womens-wallets,Bag,Bag,True,True,True,True,Brown,0.6907,0.4254,"['#603518', '#744d27', '#fcf8f0', '#c6b296']",custom-tag,100.0
130,130,cz,Brýle Fallen Savage orange,Sluneční brýle Fallen Savage orange.  Stylové brýle se 100% UV ochranou.,207,womens-sunglasses,Bag,Bag,True,True,True,True,Grey,0.3515,0.7159,"['#827372', '#e87c55', '#fae0d2', '#65291d']",custom-tag,44.1
131,131,cz,Peněženka Dakine Abigail avery,"Dámská peněženka Dakine Abigail avery.  Hlavní komora na cvok, uvnitř přihrádky  na doklady a na bankovky.  Na přední straně nášivka Dakine.  Potisk je u každé peněženky jinak rozložen.  Rozměry cca: 19 x 10 x 3 cm",203,womens-wallets,Bag,Bag,True,True,True,True,Pink/Magenta,0.3698,0.5143,"['#924a6a', '#362a2c', '#528b66', '#c9c3b4']",custom-tag,99.98
132,132,cz,SMITH'S Brýle Smith´S purple,Sluneční brýle Smith´S purple.  Stylové brýle s 400 UV ochranou.,207,womens-sunglasses,Bag,Bag,True,True,True,True,White,0.1353,0.7734,"['#e3e6e3', '#6c8b6b', '#774482', '#b796bf']",custom-tag,54.19
133,133,cz,Brýle Ion Lucid black-blue,"Sluneční brýle Ion Lucid black-blue.  Stylové, modré brýle se 100% UV ochranou.  Tloušťka skla je 1,8-2 mm, acetatový rám.  Brýle jsou vysoce odolné proti zlomení, poškrábaní a mají vodoodpuzující úpravu.  Součastí balení je ochranný pytlík, který slouží také na číštění brýlí.  Kategorie slunečního filtru 3.",207,womens-sunglasses,Bag,Bag,True,True,True,False,Grey,0.1464,0.7126,"['#b6bece', '#dcdee6', '#333540', '#5a7294']",custom-tag,67.13
134,134,cz,Brýle Independent Reget brown,Sluneční brýle Independent Reget brown.Stylové brýle se 100% UV ochranou.Součástí je čistící a ochraný pytlík s logem Independent.,207,womens-sunglasses,Sneaker,Sneaker,True,True,True,True,Red,0.3621,0.6644,"['#a66d5e', '#7b4c42', '#b99788', '#f9f5f1']",custom-tag,79.37
135,135,cz,Brýle Independent Reget charcoal,Sluneční brýle Independent Reget charcoal.Stylové brýle se 100% UV ochranou.Součástí je čistící a ochraný pytlík s logem Independent.,207,womens-sunglasses,Sneaker,Sneaker,True,True,True,True,Pink,0.1492,0.6138,"['#7b6264', '#967f80', '#b3a2a2', '#f2eeed']",custom-tag,83.9
138,138,cz,Klíčenka Nucelle zelená,Krásná trendy klíčenka.   Barva: zelená  Materiál: kůže,705,womens-keychains,Sandal,Sandal,True,True,True,True,Green,0.3237,0.7902,"['#77c8aa', '#9dcabe', '#e0e2e6', '#727877']",custom-tag,95.56
139,139,cz,Klíčenka Nucelle modrá,Krásná trendy klíčenka.   Barva: modrá  Materiál: kůže,705,womens-keychains,Sandal,Sandal,True,True,True,True,Blue,0.5822,0.7689,"['#2782c7', '#e1e1ea', '#6e7482', '#94a3bd']",custom-tag,99.64
141,141,cz,Clarks Freckle Ice 203529304,48h v pracovní dny,520,womens-flats,Bag,Bag,True,True,True,True,Brown,0.6075,0.332,"['#2c140b', '#6d3e2a', '#e0d9d7', '#9b8983']",custom-tag,93.43
142,142,cz,Moon Boot Nylon 14004400002,48h v pracovní dny,527,womens-snow-boots,Shirt,Shirt,True,True,True,True,Navy Blue,0.3611,0.4225,"['#232643', '#3d4060', '#e1e4df', '#93969d']",custom-tag,74.61
143,143,cz,R.Polański 0720 N,48h v pracovní dny,501,heels,Sandal,Sandal,False,True,False,True,Brown,0.1975,0.4612,"['#302a25', '#5e5a57', '#ad977e', '#dacdbc']",custom-tag,33.69
144,144,cz,Geox J Piuma Bal F J11B0F 03902 C9999 D,48h v pracovní dny,520,womens-flats,Bag,Bag,True,True,True,False,Grey,0.0719,0.2451,"['#3a383a', '#131112', '#7e7c7d', '#d8d7d7']",custom-tag,76.25
145,145,cz,Moraj DP 1100-002 Dámské tílko L grey melange,"Pohodlné tílko typu boxer Moraj DP 1100-002 vyrobené z bavlny s dodatkem elastanu.Košilka je prodyšná a elastická. Vyrobené z kvalitní, čisté bavlny, díky čemuž je model prodyšný a pružný. Střih i materiál zvolen tak, že si triko zachovává svůj tvar i po opakovaném praní. Složení: 95% bavlna, 5% elastan.",53403,womens-tops-tank-tops-and-t-shirts,Bag,Bag,True,True,True,False,Grey,0.1098,0.5427,"['#dedee0', '#b1afb4', '#090707', '#605f65']",custom-tag,82.3
147,147,cz,Ever Pretty letní květinové šaty 8394,"Jemné elegantí letní vzorované šaty. Vložené vycpávky, je možné vzít bez podprsenky.    POZOR podklad je jemně modrý !!    Skladem uvedené velikosti dodání 1-3dny     délka šatiček je cca 150cm složení šifon",184,dresses,Dress,Dress,False,True,False,False,White,0.1371,0.778,"['#dddfe9', '#c5bdc2', '#8f8f89', '#4f5645']",custom-tag,55.3
148,148,cz,"LM moda Plavky bez ramínek, bikiny, zelené s kruhy","Krásné elegantní plavky s kovovými doplňky    Materiál:100% polyester    Rozměry neroztažené  max roztažené:podprsenka: cca 66cm   90cmkalhotky: boky 66cm   88cm, výška 18 22 cm přední, zadní část",201,bikinis,T-shirt/top,T-shirt/top,False,True,False,False,Grey,0.1968,0.678,"['#c3c2b5', '#afb0a3', '#054f26', '#677a63']",custom-tag,40.34
150,150,cz,LM moda A Peplum šaty mentolové s krajkou OH713,Dámské minišatičky mentolové s krajkou. Šaty jsou z pevného a velmi příjemného materiálu na dotek. Velmi elegantní zpracování Trendy a elegantní do práce.     Velikost : M neroztažené - roztažené: přes prsa: 64-76cm přes pas: 58-70cm přes boky: 72-86cm celková délka: 82cm     L: neroztažené - roztažené: přes prsa: 84-90cm přes pas: 66-70cm přes boky: 80-90cm celková délka: 85cm     složení: 95% polyester 5% elastan,184,dresses,Dress,Dress,True,True,True,True,White,0.2049,0.8384,"['#e5e6e3', '#a9dacc', '#86cebb', '#59a08d']",custom-tag,41.36
151,151,cz,"LM moda A Pouzdrové společenské šaty, černé krátké DL644","Dámské společenské šaty. Zajímavé společenské šaty, horní díl šatů je ozdoben krajkou, vzadu zapínání na zip. Šaty jsou z pevného pružného materiálu.     Velikost M celková délka šatů je cca 92 cm, přes prsa 84 -88 cm, pas 66 cm, boky 96 cm     Velikost L celková délka šatů je cca 94 cm, přes prsa 88-90, pas 70 cm, boky 100 cm     Velikost XL celková délka šatů je cca 96 cm, přes prsa 98-102, pas 84 cm, boky 102 cm složení: 95%Polyester+5%Spandex",184,dresses,Dress,Dress,False,True,False,False,Grey,0.1584,0.2959,"['#2d2a30', '#f6ede8', '#605659', '#b3a19e']",custom-tag,69.41
152,152,cz,Ever Pretty plesové šaty s flitry zelené 9672 GR,"Luxusní šaty na ples, vhodné i do tanečních. Zdobené našitými flitry. Šaty mají mírnou vlečku. Vložené vycpávky, je možné vzít bez podprsenky.    Skladem uvedené velikosti dodání 1-3dny - ostatní jsou k objednání - dodání 7-10dní    délka šatiček je cca 150cm    Barva: zelené",184,dresses,Dress,Dress,False,True,False,True,Cyan/Turquoise,0.8274,0.3408,"['#03433a', '#e2ded6', '#336c62', '#8a9f96']",custom-tag,99.74
153,153,cz,LM moda A Šaty černé vyšité vzory bodycon s rukávy OH170,"Dámské elegantní šaty černé s vyšitými vzory a flitry Pevný materiál elegantně řešené ve výstřihu. Uvedené velikosti jsou neroztažené a maximálně roztažené. Sexy model vhodný pro večerní nošení - na párty či večírky a plesy.     Velikost M: prsa: 80-90   břicho: 70-80   boky: 86-100 cm, celková délka: 91cm    Velikost L: prsa: 84-96   břicho: 74-84   boky: 90-110 cm, celková délka: 94cm     složení: 100% polyester",184,dresses,Dress,Dress,False,True,False,True,Brown,0.1202,0.3312,"['#2c2725', '#7a7774', '#faf8f6', '#beb6b0']",custom-tag,53.4
154,154,cz,Made in Italy Plesové šaty hnědé se zdobením štrasem,"Dámské elegantní plesové či večerní šaty   Jemné šatičky na ramínka, zdobené štrasem. Vzadu mají žabičkové řasené, ramínka jsou upravitelné. Vhodné pro plesovou sezonu či do tanečních.  Universal velikost vhodná pro S,M,L  Made in Italy  složení: 100% polyester",184,dresses,Dress,Dress,False,True,False,True,Red,0.6849,0.4372,"['#64261e', '#3b0e0c', '#cd7c5b', '#f3e3db']",custom-tag,51.14
155,155,cz,LM moda A Minišaty elegantní černo růžové LM612,"Dámské minišaty jemné šaty, s prošitím které opticky zužuje Vaší postavu. Vzadu na zapínání na zip s krajkou.     Velikost M    Prsa cm Pascm Bokycm    M 86-98 70-80 91-99 ochylka + - 1cm     složení: 95% Polyester- 5% Elastane",184,dresses,Dress,Dress,False,True,False,False,White,0.1396,0.6627,"['#e5ebe9', '#241f23', '#f27bbc', '#ab5c7d']",custom-tag,65.55
156,156,cz,Dámské elegantní Ever Pretty plesové šaty fialové 8441,"Luxusní šaty na ples, vhodné i do tanečních. Zdobené luxusní krajkou. Vložené vycpávky, je možné vzít bez podprsenky.    Skladem uvedené velikosti dodání 1-3dny - ostatní jsou k objednání - dodání 7-10dní    délka šatiček je cca 150cm",184,dresses,Dress,Dress,False,True,False,True,Purple,0.4922,0.2368,"['#22142b', '#504051', '#97838d', '#efe6e5']",custom-tag,99.68
158,158,cz,Ever Pretty šifonové šaty krátké tmavě modré 3266,"Jemné šifonové šaty na ramínka s květinou a volánkem dolů. Šatičky mají vycpávky na prsou.    složení: šifon    je možné objednat jiné barvy v tomto modelu: tyrkysová, fialová, lososová, tmavě modrá, bílá, bordo, černá, sv. fialová, zelená, růžová, tm. modrá",184,dresses,Sandal,Sandal,False,True,False,True,Navy Blue,0.3729,0.3701,"['#262943', '#6a6a7c', '#b8aeb0', '#f0e6e2']",custom-tag,69.65
159,159,cz,LM moda A Pouzdrové šaty béžové s krajkou DL488,"Dámské pouzdrové béžové šaty s krajkou Pevný materiál elegantně řešené ve výstřihu. Skvělý pracovnou outfit, na pracovní schůzky i do společnosti.    Velikost M, L,XL délka 98, 100 a 102 cm     Prsa Pas Boky    M 84-90 64-71 91-97    L 91-97 71-79 97-102    XL 92-108 73-84 100-112    složení: 100% polyester",184,dresses,Dress,Dress,False,True,False,False,Black,0.2082,0.3192,"['#1c1615', '#453f3d', '#787370', '#dbcfc3']",custom-tag,34.26
160,160,cz,LM moda A Elegantní černé šaty netradiční 423,- Material: 97% Polyester a 3% Spandex                   Size           US Size           UK Size           EU Size           AU Size           Shoulder           Sleeve           Chest           Waist           Length                 XS          S2          6-8          32-34          6          37.5 cm          14.6 inch          15.5 cm          6 inch          78 cm          30.4 inch          62 cm          24.2 inch          97.5 cm          38 inch                S          S6          8-10          36-38          10          38.5 cm          15 inch          16.5 cm          6.4 inch          80 cm          31.2 inch          64 cm          25 inch          98.5 cm          38.4 inch                M          M8-10          12-14          40-42          12          39 cm          15.2 inch          17.5 cm          6.8 inch          84 cm          32.8 inch          68 cm          26.5 inch          101 cm          39.4 inch                L          L12          16-18          44-46          16          39.5 cm          15.4 inch          18.5 cm          7.2 inch          90 cm          35.1 inch          72 cm          28.1 inch          103 cm          40.2 inch                XL          XL16          20-22          48-50          20          41 cm          16 inch          19.5 cm          7.6 inch          96 cm          37.4 inch          76 cm          29.6 inch          105 cm          41 inch,184,dresses,Shirt,Shirt,False,True,False,False,Black,0.1844,0.1916,"['#201e1a', '#d8cbc1', '#f9f5f0', '#7d7570']",custom-tag,64.86
161,161,cz,Veneziana Beautifull Punčochy 1 2 Nero,"Samodržící punčochy smyslně průsvitné. Na horním okraji je zdobí delikátní krajka. Složení: 88% polyamid, 12% elastan.",39577,womens-hosiery,Bag,Bag,True,True,True,True,Blue,0.2216,0.5187,"['#7c8d98', '#9eacb4', '#1b1d26', '#4e5c63']",custom-tag,99.99
162,162,cz,Andalea MC 9049 Pánské boxerky L XL červená,"Kategorie: Pánské erotické prádlo Typ: Sexy boxerky Výrobce: AndaleaBoxerky hvězd, troufáme si vydat takovéto prohlášení! Je řeč o boxerkách od firmy Andalea z lesklé pleteniny pikantně červené barvy. Sexy a přitahující ženskou pozornost. Překvapivým kontrastním prvkem je bílé lemování obepínající mužské poklady a na gumičkách na bedrech. Zajisté je to netradiční nabídka, ale jsme si jistí, že si najdou své příznivce. Perfektní sladění materiálů, sexy zip sám prosí o to, aby ho někdo rozepnul…! Pánské erotické spodní prádlo, které zajistí zábavnou atmosféru ve Vaší ložnici!Zkontrolujte svou velikost - Tabulka velikostí Andalea",6133,mens-undergarments,Trouser,Trouser,True,False,False,False,White,0.1439,0.889,"['#ece0df', '#760817', '#c23548', '#eb848b']",custom-tag,28.14
163,163,cz,Legíny gWINNER Push-Up Leggins Anti Cellulite,Funkční legíny gWINNER Anti Cellulitte.,373,womens-pants,Dress,Dress,True,True,True,False,Grey,0.172,0.3367,"['#2d2c2f', '#ece2de', '#827675', '#e53b3f']",custom-tag,95.63
165,165,cz,Peněženka Guess Katlina Slim Clutch černá,"Dámská peněženka Guess Katlina Slim Clutch z kolekce podzim 2012      - přední strana zdobena logem Guess a kamínky   - vnější kapsa na zip   - 13 kapes na karty   - ID okno   - 3 kapsy na papírové bankovky   - kovové komponenty ve stříbrném tónu   - umělá kůže s reliéfem   - jednoduchá, elegantní",204,handbags,Bag,Bag,True,True,True,False,Grey,0.034,0.6141,"['#d9d5d1', '#252526', '#b4b0ae', '#888583']",custom-tag,99.99
166,166,cz,Mikina Guess Washed Lounge Logo Hoodie šedá,Dámská pohodlná mikina pro volný čas Guess Washed Lounge Logo Hoodie z kolekce podzim 2013    - dlouhé rukávy - logo Guess na rukávu  - dvě přední kapsy   - kapuce   - zapínání na zip   - praní v pračce,236,womens-sweatshirts,Dress,Dress,True,True,True,False,Grey,0.0377,0.559,"['#787676', '#a1a09f', '#efece9', '#4b443f']",custom-tag,63.9
167,167,cz,Halenka Guess Flutter-Sleeve Pintuck Top,"Lehká, pohodlná dámská bavlněná halenka Guess Flutter-Sleeve Pintuck Top z kolekce jaro 2014           - široký kulatý výstřih    - krátké zvonové rukávy    - hluboký výstřih i na zadním dílu    - háčkovaný detail ve výstřihu    - v pase šňůrka na stáhnutí    - lehká, pohodlná halenka    - příjemné nošení    - ruční praní",6,womens-blouses-and-shirts,Bag,Bag,True,True,True,False,White,0.0811,0.8245,"['#eaefed', '#c1c6c4', '#4a3021', '#858e8a']",custom-tag,62.73
168,168,cz,Katana Peněženka kožená pánská,"Vnitřní uspořádání:      - kapsa na mince se zapíná na patent   -    zipová kapsička např. na platební kartu vedle kapsy na mince       -    ve vnitřním prostoru obsahujícím dokladovou část, která se zajistí zápinkou nalezneme:          -    1 přihrádka na papírové bankovky       -    10 přihrádek na kreditní karty       -    2 průhledné síťované přihrádky na doklady              Barevné provedení:    hnědá     Materiál:    hovězí useň     Rozměry:    zavřená 10 x 12,5 cm     otevřená 15,5 x 21 cm",203,womens-wallets,Bag,Bag,True,True,True,True,Red,0.3547,0.4054,"['#4b2d2b', '#eaede4', '#b5adb2', '#7d6464']",custom-tag,64.45
169,169,cz,Anais - Erotické kalhotky Kitten XXL bílá,"Kategorie: Dámské erotické prádlo Typ: Kalhotky s otvorem Výrobce: Anais Apparel Luxury LingerieKalhotky Anais Kitten s otevřeným rozkrokem. Jsou vyrobeny z jemné, měkké krajky. Kalhotky jsou v přední části zdobeny mašlí. Barva: bílá, černá.Složení: 80% poliamid, 20% elastanZkontrolujte svou velikost - Tabulka velikostí Anais",5382,panties-and-thongs,Shirt,Shirt,False,True,False,False,Grey,0.0518,0.6462,"['#857f80', '#bab5b4', '#ebe5e3', '#332826']",custom-tag,90.94
171,171,cz,Veneziana Calze Punčochy 2-S Nero,"Samodržící punčochy vhodné k podvazkovému pásu. Jsou vyrobené z lycry, smyslně průsvitné. Na horním okraji zesílené zakončení.Složení: 88% polyamid, 12% elastan.",39577,womens-hosiery,Bag,Bag,True,True,True,True,Grey,0.2129,0.5643,"['#9badb4', '#7a9198', '#181e26', '#4a585d']",custom-tag,99.99
172,172,cz,Briliantové snubní prsteny v bílém zlatě KLENOTA s0022012,"Luxusní snubní prsteny vyrobené z bílého 14k zlata. Pánský prsten je klasický a nadčasový kroužek se zaoblenými hranami a lesklým povrchem. Dámský prsten je typu eternity, je tedy posázen diamanty po celém obvodu. Počet a velikost diamantů se může lišit v závislosti na požadované velikosti prstenu. Níže uvedené parametry platí pro velikost 52. Cena v jiné velikosti na dotaz.",467,womens-rings,Sandal,Sandal,True,True,True,False,White,0.0126,0.8493,"['#ebeced', '#cccccf', '#a3a3a5', '#5e5e60']",custom-tag,45.59
173,173,cz,Náhrdelník s bezel briliantem v bílém zlatě KLENOTA k0469012,Jemný náhrdelník z bílého 14k zlata zdobí kulatý diamant v bezel neboli lunetovém zasazení. Díky němu je diamant bezpečně usazen a náhrdelník je tak vhodný pro každý den. Bílé zlato bude vždy trendy a lze jej kombinovat úplně se vším.,469,womens-necklaces,Sandal,Sandal,True,True,True,False,White,0.0151,0.8071,"['#edeeef', '#cccdce', '#9d9ea0', '#494a4d']",custom-tag,28.79
174,174,cz,NoName Plesové šaty nejen do tanečních černozlaté,"Atraktivní plesové třpytivé šaty - koktejlky UNI vel.  Materiál je strečový, tedy se lehce přizpůsobí jakékoliv postavě. Jsou velmi elegantní a slušivé, pro slečny či mladé ženy  Rozměry: obvod přes prsa 90-115cm,  obvod v pase 78-90cm,  obvod přes boky 88-106cm,  délka 83cm  Materiál: 92%polyester, 8%elastan",184,dresses,T-shirt/top,T-shirt/top,False,True,False,True,Black,0.2259,0.1624,"['#161616', '#312f2c', '#716b64', '#e6dbcc']",custom-tag,66.26
175,175,cz,Bonami Krémová plechová dóza na čaj Kitchen Craft Nostalgia,"Plechové dózy Kitchen Craft jsou praktické i dekorativní zároveň. A tak když zrovna nebudete co dát dovnitř, nevadí. I tak si ji dejte pěkně na poličku všem na oči! Díky jemným pastelovým barvám budete mít doplněk, který bude stále trendy!",2951,kitchen,Pullover,Pullover,True,True,True,False,White,0.0713,0.8979,"['#f1eee3', '#d8d4c6', '#b2ae9f', '#686a69']",custom-tag,33.39
176,176,cz,Bonami Krémová plechová dóza na cukr Kitchen Craft Nostalgia,"Plechové dózy Kitchen Craft jsou praktické i dekorativní zároveň. A tak když zrovna nebudete co dát dovnitř, nevadí. I tak si ji dejte pěkně na poličku všem na oči! Díky jemným pastelovým barvám budete mít doplněk, který bude stále trendy!",2951,kitchen,Pullover,Pullover,True,True,True,False,White,0.0763,0.8914,"['#ece9dc', '#c7c2b2', '#fcfbf6', '#707272']",custom-tag,34.21
177,177,cz,Bonami Krémová plechová dóza na chléb Kitchen Craft Nostalgia,"Praktické i dekorativní zároveň? Britská značka Kitchen Craft to dokazuje se svou něžnou kolekcí plechových dóz, které budou slušet jak moderně laděnému domovu, tak tomu rustikálnímu. A pokud zrovna nemáte do dózy co dát, nevadí. Takovou krásu můžete klidně vystavit v kuchyni na poličce jen tak!",2951,kitchen,Shirt,Shirt,True,True,True,False,White,0.0734,0.885,"['#f4f2e7', '#dfdcce', '#b3afa2', '#64635d']",custom-tag,23.22
180,180,cz,Livia Corsetti Kalista Erotický Kostým XL černá,"Kategorie: Dámské erotické prádlo Typ: Erotické kostýmy Výrobce: Livia Corsetti FashionKomplet policistky která je připravena vás zatknout. Provedení je v barvě černé. Součásti kompletu je čepice, top, mini sukénky, opasek, rukavičky a pouta. Baleno v BIG krabici. Této model je velice oblíbený!Zkontrolujte svou velikost - Tabulka velikostí Livia Corsetti Fashion",430,corsets-and-garter-belts,Bag,Bag,False,True,False,False,Black,0.177,0.3755,"['#14100f', '#998d88', '#ddd4d1', '#473e39']",custom-tag,99.3
181,181,cz,Livia Corsetti Sarit Rukavičky Univerzální černá,"Kategorie: Dámské erotické prádlo Typ: Rukavičky Výrobce: Livia Corsetti FashionNádherné rukavičky Sarit značky LIVCO CORSETTI. Rukavičky jsou černé barvy a jsou ze síťovaného materiálu, který je zdoben saténovými stuhami. Rukavičky budou vhodným doplňkem k jakémukoliv erotickému spodnímu prádlu a jsou vhodné i jako dárek, protože jsou baleny v luxusní krabičce.Zkontrolujte svou velikost - Tabulka velikostí Livia Corsetti Fashion",430,corsets-and-garter-belts,T-shirt/top,T-shirt/top,False,True,False,True,Black,0.3602,0.3801,"['#261711', '#9a968f', '#cdc9c4', '#644a3e']",custom-tag,59.79
182,182,cz,Obsessive Garter stockings S307 black Podvazkový pás s punčochy XL XXL černá,"Kategorie: Dámské erotické prádlo Typ: Podvazkový pás s punčochy Výrobce: ObsessiveElastické punčochy s podvazkovým pásem vyrobené z měkké síťoviny tvoří ideální komplet. Perfektní pro svůdkyně! Část pásu je zdobená jemným rostlinným vzorem. Zakončení širokou gumou zajišťuje pohodlí. Dostupné v černé a bílé barvě.Materiálové složení: 90% nylon, 10% elasten.Zkontrolujte svou velikost - Tabulka velikostí Obsessive",430,corsets-and-garter-belts,Bag,Bag,False,True,False,True,Navy Blue,0.2708,0.4065,"['#5e6179', '#42425b', '#2d2738', '#fcfafb']",custom-tag,99.71
183,183,cz,Andalea Loretta Korzet 50 52 bílá,"Kategorie: Erotické spodní prádlo XXXL Typ: Sexy korzety XXXL Výrobce: AndaleaNeuvěřitelně svůdný krajkový korzet, kterému žádný muž neodolá! Zadní část korzetu tvoří šněrování na bílou saténovou stuhu – sexy, ale praktické zároveň, korzet se totiž dá velikostně přizpůsobit, a padne tak jako ulitý. Jemná elastická krajka tělo obepne a zdůrazní tak ženské tvary. Prádlo je na užší, délkově nastavitelná ramínka, takže padne opravdu každé postavě. Korzet má ve spodní části upínání na podvazky. V sadě najdete také bílá síťkovaná tanga s tenkými elastickými šňůrkami.Zkontrolujte svou velikost - Tabulka velikostí Andalea",430,corsets-and-garter-belts,T-shirt/top,T-shirt/top,False,True,False,True,Grey,0.2279,0.6734,"['#a2a6a6', '#cbd1d9', '#412612', '#856132']",custom-tag,59.59
184,184,cz,Andalea Brigitte Korzet 50 52 černá,"Kategorie: Erotické spodní prádlo XXXL Typ: Sexy korzety XXXL Výrobce: AndaleaČerná a červená korzet. Korzet z černé kabelem latesku širokou saténovou stuhou červenou. Od podvazku klipy našity na ramenou je černá elastická páska prolamované, přidání neobvyklý efekt.Sada obsahuje černé kalhotky tanga.Zkontrolujte svou velikost - Tabulka velikostí Andalea",430,corsets-and-garter-belts,Shirt,Shirt,False,True,False,True,Black,0.4821,0.3469,"['#221516', '#921f39', '#483b42', '#d1a3ac']",custom-tag,69.6
185,185,cz,Andalea Ester Korzet 50 52 černá,"Kategorie: Erotické spodní prádlo XXXL Typ: Sexy korzety XXXL Výrobce: AndaleaJedním tahem začarujete jeho svět. Překypující erotikou korzet zdobený krajkou zajisté rozpálí touhu v nejednom muži. Korzet je z látky, která imituje latex. Přitahující pozornost červený zip vám umožní jedním pohybem ukázat mnohem, mnohem více...Komplet doplňuje límeček na zapínání.Zkontrolujte svou velikost - Tabulka velikostí Andalea",430,corsets-and-garter-belts,Bag,Bag,False,True,False,True,White,0.4309,0.7502,"['#e9dcd8', '#2a0c08', '#e80907', '#ce6d4b']",custom-tag,92.88
186,186,cz,Esotiq Marisa 31231 -50X Dámské pyžamo L jako na fotografii,"Velmi pohodlné dámské pyžamko. Skládá se z tílka a šortek. Tílko je ozdobeno zajímavým potiskem, šortky jsou pruhované. V pase je elastická guma, která se přizpůsobí Vašim křivkám. Šortky mají navíc praktické kapsičky. Tento model využijete na spaní, ale i běžné nošení.Složení: 95% bavlna, 5% elastan.",386,women-s-shorts,Trouser,Trouser,True,True,True,True,White,0.1839,0.7513,"['#d7e4ea', '#7b5661', '#a57e87', '#bcbfc6']",custom-tag,50.15
187,187,cz,Axami V-5391 Praise me Podprsenka 75D černo-stříbrná,"V efektní podprsence V-5391 Praise Me si budete připadat neuvěřitelně sexy. Model má dvojitou tylovou vrstvu a stříbrnou krajku na košíčcích. Má standartní, nastavitelná ramínka zapínání na háčky a zavazuje se za krkem. Dokonalá volba pro ženy, které chtějí oslnit a fascinovat. Stříbrná výšivka je velice elegantní a sofistikovaná. Doporučujeme také podvazkový pás V-5392 a tanga V-5398.Složení: 67% polyamid, 13% bavlna, 10% polyuretan, 5% polyestér, 5% elastan.",430,corsets-and-garter-belts,T-shirt/top,T-shirt/top,False,True,False,True,Black,0.254,0.5598,"['#251616', '#c3c4c7', '#eaeaeb', '#6b442e']",custom-tag,57.41
188,188,cz,Livia Corsetti Bodystocking Zita red S L červená,"Kategorie: Dámské erotické prádloTyp: BodystockingVýrobce: Livia Corsetti FashionSexy červený bodystocking ZITA LivCo zdoben květinovými vzory má svůdný otvor v rozkroku, který zasahuje k pupíku a nad zadeček. Na prsou je zdoben šněrováním. Vlastnosti:otevřený rozkrokelastická tkaninauniverzální velikost - ideálně se hodí pro lidi, kteří nosí velikost S, M a L Materiál: 90% Polyamid, 10% ElastanTabulka velikostí Livia CorsettiVelikostObvod přes prsaObvod pasuObvod bokůS M84-9262-7488-98L XL93-10075-8299-109S L84-9662-7888-104XL XXL97-10479-88105-117S84-8862-6888-93M89-9269-7494-98L93-9675-7899-104XL97-10079-82105-109XXL101-10483-90110-117XXXL105-10891-100118-122",430,corsets-and-garter-belts,T-shirt/top,T-shirt/top,False,True,False,True,Black,0.2857,0.2971,"['#231f1d', '#3c3433', '#a82325', '#b95a51']",custom-tag,52.38
189,189,cz,Andalea MC 9001 Pánské boxerky L XL černá,"Kategorie: Pánské erotické prádlo Typ: Sexy boxerky Výrobce: AndaleaBoxerky od firmy Andalea jsou ušité z černé elastické látky. Byly zařazeny do nabídky našeho obchodu Ekskluzywna.pl vzhledem k inovativnímu přístupu návrháře pánského spodního prádla. Byla zde použitá kombinace hladké, přiléhavé k tělu látky, se svůdným latexem zapínaným na zip. Představujeme Vám tedy produkt na jednu stranu velmi pohodlný, elegantní, ale na druhou stranu mimořádně svůdný a smyslný! Tyto boxerky Andalea beze slov ukážou jaké má Váš partner s Vámi úmysly při setkání, na kterém je spatříte! Doporučujeme je také jako stejně výmluvný dárek pro něj! Přejeme hodně zážitků!Zkontrolujte svou velikost - Tabulka velikostí Andalea",6133,mens-undergarments,Trouser,Trouser,True,False,False,False,White,0.1124,0.8337,"['#f6eceb', '#0d070b', '#ca968f', '#4d3e3e']",custom-tag,25.78
190,190,cz,Andalea MC 9006 Pánské boxerky L XL červená,"Kategorie: Pánské erotické prádlo Typ: Sexy boxerky Výrobce: AndaleaNovinkou na trhu se spodním prádlem je série elastických boxerek se zipem, které jsou navrhnuty tak, aby se v nich každý cítil velmi pohodlně. Představujeme Vám boxerky od firmy Andalea, které svým jednoduchým střihem připomínají sportovní spodní prádlo. Byly ušity z hladké, červené látky s černými doplňky. Potrhují majitelovu mužnost. Navíc svým ohnivým provedením se stříbřitým zipem uprostřed, jsou příkladem bezostyšného přístupu k pánskému spodnímu prádlu. Doslova v okamžiku odhalí to, co mají zahalovat! Ocení je muži, kteří mají rádi své pohodlí. Uplatní se, hledáte-li nějaké okořenění svých schůzek. Přinesou moment překvapení.Zkontrolujte svou velikost - Tabulka velikostí Andalea",6133,mens-undergarments,Trouser,Trouser,True,False,False,False,White,0.1741,0.8595,"['#e8d8d8', '#decfcf', '#ad051f', '#58050c']",custom-tag,32.83
191,191,cz,Andalea MC 9007 Pánské boxerky S M černá,"Kategorie: Pánské erotické prádlo Typ: Sexy boxerky Výrobce: AndaleaPikantní a překvapující boxerky od firmy Andalea to jsou bezvýznamné přívlastky pro tento model. Byly ušity z černého latexu. Zepředu na háčcích zahalují majitelovo mužství, avšak díky tomuto řešení se může situace rychle změnit a atmosféra houstne. Aby toho nebylo málo, tak na zadní části je vystřižený kus látky, který odhaluje mužské pozadí. Toto je neslýchané a netradiční řešení ve světě pánského spodního prádla. Tento model se hodí k opravdu odvážným mužům, kteří rádi vyhledávají nové zkušenosti ve světě ostré erotiky. Doporučujeme těm párům, pro které je materiál podobný kůži, který obepíná postavu, ještě pořád málo!Zkontrolujte svou velikost - Tabulka velikostí Andalea",6133,mens-undergarments,Trouser,Trouser,True,False,False,False,White,0.0974,0.8422,"['#f2e8e7', '#170e14', '#45383f', '#998b91']",custom-tag,28.98
192,192,cz,Andalea MC 9008 Pánské boxerky L XL černá,"Kategorie: Pánské erotické prádlo Typ: Sexy boxerky Výrobce: AndaleaBoxerky s erotickým nádechem jsou jedním z nejnovějších návrhů od firmy Andalea. Představovaný model byl ušit z látky, která je většinou určena pro dámské spodní prádélko – hladkého, průsvitného tylu a spíše elastické pleteniny. Boxerky byly ozdobeny latexem, který obepíná mužské poklady a je obšit zipy, které se dají v každé chvíli rozepnout a přidávají tak na pikantérii během Vašich setkání. Boxerky nejsou považovány za nejvíce sexy druh spodního prádla, ale střih tohoto typu s jistotou sesadí pánská tanga z pomyslného erotického trůnu!Zkontrolujte svou velikost - Tabulka velikostí Andalea",6133,mens-undergarments,Trouser,Trouser,True,False,False,False,White,0.0804,0.8617,"['#ebe1e0', '#e0d4d4', '#1d1014', '#786c73']",custom-tag,39.12
193,193,cz,Andalea MC 9009 Pánské boxerky L XL černá,"Kategorie: Pánské erotické prádlo Typ: Sexy boxerky Výrobce: AndaleaRafinovaně… rychle… neostýchavě… tak můžete používat tento prostopášný model z nové kolekce boxerek od firmy Andalea! Byly ušity z průhledné, černé látky – elastické síťky, která perfektně obepíná mužskou postavu. Zepředu pozornost upoutá latexový poklopec, který je se zbytkem spojen karabinkou. Laškovně poodhaluje intimní fragmenty pokožky a povzbuzuje tak představivost Vaší partnerky. Tyto boxerky hned ukážou, jaké má muž úmysly. Můžou být také elementem zaskočení ve Vaších erotických hrátkách. Tento model je určen pro odvážné pány a pro páry, které si cení nových postelových inspirací!Zkontrolujte svou velikost - Tabulka velikostí Andalea",6133,mens-undergarments,Trouser,Trouser,True,False,False,False,White,0.0737,0.911,"['#f3e8e6', '#ece1e0', '#1c0e0f', '#615050']",custom-tag,32.63
194,194,cz,Andalea MC 9044 Pánské boxerky L XL černá,"Kategorie: Pánské erotické prádlo Typ: Sexy boxerky Výrobce: AndaleaMnoho žen přitahují muži v uniformách. Erotické kostýmy uniformovaných složek jsou velmi známé. Hasič se pyšní největší důvěrou společnosti. Po olympijských hrách v Soči ještě získal na popularitě… Boxerky Andalea jsou ideálním návrhem pro muže, kteří nemají rádi erotické maškarády, ale v každodenním životě rádi nosí právě tento typ spodního prádla. Producent připravil latexové černé boxerky, které perfektně přiléhají k postavě. Reflexní pruhy jim přidávají na profesionální eleganci a vhodná nášivka prozrazuje hasičskou inspiraci!Zkontrolujte svou velikost - Tabulka velikostí Andalea",6133,mens-undergarments,Trouser,Trouser,True,False,False,False,White,0.1377,0.8349,"['#eddfdc', '#1b1012', '#ea4848', '#6c554b']",custom-tag,44.0
195,195,cz,Andalea MC 9046 Pánské boxerky L XL černá,"Kategorie: Pánské erotické prádlo Typ: Sexy boxerky Výrobce: AndaleaKterá žena někdy nesnila o tom, aby jí nasadil želízka velmi přitažlivý, dobře stavěný policista?! Jestli právě takové fantazie má tvoje partnerka, jestli ji těší pohled na strážce zákona, tak jsme vybrali něco, co by se Ti mohlo náramně hodit! Boxerky od firmy Andalea inspirované americkými akčními filmy. Lesknoucí se černý latex, ze kterého jsou ušity, zdůrazňuje majitelovu sílu a temperament. Šedé reflexní pásky a policejní odznak jasně prozrazují, čím byl tento model inspirován. Je to zajímavá nabídka, která nevyžaduje koupi celé erotické uniformy. Nepřemýšlej dlouho nad tím, jak smyslný akcent máš šanci přivést do Vaší ložnice!! Zveme k nákupu a přejeme dobrou zábavu!Zkontrolujte svou velikost - Tabulka velikostí Andalea",6133,mens-undergarments,Trouser,Trouser,True,False,False,False,White,0.1077,0.8352,"['#f6e8e7', '#e7d8d7', '#1b1114', '#7c6c6e']",custom-tag,22.28
196,196,cz,Andalea MC 9042 Komplet L XL černo-bílá,"Kategorie: Pánské erotické prádloTyp: Erotické kompletyVýrobce: AndaleaTřídílný komplet pánského spodního prádla od firmy Andalea se špetkou erotičnosti. Jestli Tvoje žena miluje eleganci, tak je to ideální řešení. Netradičním způsobem můžete do Vašeho vztahu přivést hravý a zábavný element korespondující s Vašimi erotickými touhami. Nejdůležitější částí jsou boxerky ušité z černé, elastické látky. Mužství zakrývá latex… bílé barvy! Jeho největší výhodou je bezpochyby možnost rychlého odepnutí! Navíc je v horní části ozdoben černým motýlkem. Na sexy eleganci ještě přidá bílý límeček na krku s černým motýlkem a bílé manžety s černými knoflíčky. Už pociťuješ tu neuvěřitelnou atmosféru…?!Zkontrolujte svou velikost - Tabulka velikostí Andalea",663,mens-bow-ties,Bag,Bag,True,False,False,False,White,0.1239,0.8127,"['#e9dbdb', '#180b0b', '#c2acad', '#725551']",custom-tag,41.88
197,197,cz,Andalea Elephant red Pánská tanga L XL červená,"Kategorie: Pánské erotické prádlo Typ: Pánská tanga Výrobce: AndaleaTanga k popukání ve tvaru slona, která rozveselí každou ženu! Zhotovená z červeného, jemného materiálu vysoké kvality. Celek je obšitý tenkým, černým lemováním. Na přední části mají chobot, malá očka, velké uši a trošku kožíšku uloženého do tvaru hřívy. Spojení, která jsou tvořena elastickými gumičkami, přidávají na pohodlí. Skvělý dárek pro každého muže. Kombinace tohoto typu spodního prádla s motivem slona splní svůj účel při mnoha příležitostech. Počínaje dárkem k osmnáctinám až po loučení se svobodou. Úsměv, který tento model vyčaruje na rtech milované, je jistý. Hodí se ke každému muži, který ocení nevšední humor.Zkontrolujte svou velikost - Tabulka velikostí Andalea",6133,mens-undergarments,Bag,Bag,True,False,False,True,Red,0.3741,0.6167,"['#e32c3b', '#3e3130', '#8d8d90', '#c1c0c1']",custom-tag,99.95
198,198,cz,Andalea Ginger Komplet 38 40 černo-bílá,"Kategorie: Erotické spodní prádlo XXXL Typ: Erotické komplety XXXL Výrobce: AndaleaÚžasné zážitky a lákavý vzhled díky oblečení? Ano, je to možné! Oblečením této soupravičky firmy Andalea rozpálíte všechny smysly každého muže. Ušitá z latexové hebké látky v kombinaci s tylovou prosvítající sukýnkou způsobí, že se každá žena pocítí jako bohyně. Korzet černé barvy úžasně zeštíhlí postavu a podvazky, které jsou součástí korzetu, přidají špetku pikantérie. Slaďounká a dráždivá sukýnka navodí atmosféru nevinnosti, ale nenechte se zmást touto iluzí, protože z každé ženy, která si oblékne tento model, se stane skutečná hříšnice. Součástí soupravičky jsou bílé tanga. Doporučujeme ženám, které se nebojí odvážných návrhů. Toto erotické spodní prádlo si přímo zamiluje každá domina.Zkontrolujte svou velikost - Tabulka velikostí Andalea",430,corsets-and-garter-belts,Shirt,Shirt,False,True,False,True,Black,0.4389,0.2483,"['#251511', '#432f2b', '#796b6c', '#d5c9d0']",custom-tag,60.55
199,199,cz,Andalea M 1050 Podvazkový pás 38 40 černo-červená,"Kategorie: Erotické spodní prádlo XXXL Typ: Sexy podvazkové pásy XXXL Výrobce: AndaleaSexy podvazkový pás je zhotoven z jemné, černé krajky a obepínajícího tělo, červeného latexu. Zadní část tvoří korzetové vázání, které kormě toho, že umožňuje ideální sladění s postavou, tak krásně zvýrazňuje a podtrhuje zadeček. Model je tak svůdný, že žádný muž nebude schopný odolat ženě, která si oblékne tak přitažlivé spodní prádélko.Zkontrolujte svou velikost - Tabulka velikostí Andalea",430,corsets-and-garter-belts,T-shirt/top,T-shirt/top,False,True,False,False,White,0.1208,0.9112,"['#f4e6e5', '#8a3034', '#361513', '#c66a6b']",custom-tag,46.26
200,200,cz,Andalea M 1052 Podvazkový pás 38 40 černá,"Kategorie: Erotické spodní prádlo XXXL Typ: Sexy podvazkové pásy XXXL Výrobce: AndaleaNadčasový styl v neobvyklém vydání, to je skvělá nabídka od firmy Andalea pro ženy plus size, které si kromě netradičních řešení cení také klasickou krásu, eleganci a komfort. Model M 1052 v sobě perfektně spojuje všechny tyto vlastnosti. Podvazkový pás byl ušit z černého, obepínajícího tělo latexu a smyslné krajky, která vytváří květinový vzor. Pás perfektně přiléhá k tělu a korzetové vázání v zadní části pomáhá udržet tvar postavy a podtrhuje krásu ženského zadečku. V kombinaci s punčochami se švem si díky tomuto modelu podmaníš každého muže!Zkontrolujte svou velikost - Tabulka velikostí Andalea",430,corsets-and-garter-belts,Trouser,Trouser,False,True,False,True,Black,0.2479,0.2983,"['#201a16', '#584d46', '#f5f3f1', '#a49f9c']",custom-tag,82.49
201,201,cz,Andalea E 2026 Podvazkový pás 38 40 černá,"Kategorie: Erotické spodní prádlo XXXL Typ: Sexy podvazkové pásy XXXL Výrobce: AndaleaDravá, a přitom jemně přitažlivá nabídka pro ženy plus size, které se rády ztotožňují s rolí zkušené svůdnice, ale zůstávají pořád také nevinnými koketkami. Podvazkový pás od firmy Andalea byl zhotoven z obepínajícího tělo latexu výrazně černé barvy. Spodní část soupravičky byla ozdobena širokým volánkem a celek tak připomíná sukýnku školní uniformy. Zadní část byla zkrášlená korzetovým vázáním, které umožňuje perfektní sladění s postavou, odhaluje kousíček těla a krásně zvýrazňuje zadeček.Zkontrolujte svou velikost - Tabulka velikostí Andalea",430,corsets-and-garter-belts,T-shirt/top,T-shirt/top,False,True,False,False,White,0.105,0.8373,"['#ebdbda', '#dbcccb', '#1c1319', '#935055']",custom-tag,51.37
202,202,cz,Axami V-5238 Notice me Tanga S červená,"Tanga Axami V-5238:svůdná tangaperfektní střihjemné zdobení tečkami na průhledném tylusaténová mašledo soupravy lze doporučit podprsenku V-5231 a podvazkový pás V-5232Složení: 76% polyester, 14% bavlna, 10% spandex.",430,corsets-and-garter-belts,T-shirt/top,T-shirt/top,False,True,False,True,Red,0.6887,0.9003,"['#da1831', '#ea4655', '#ec7d82', '#fcdfe2']",custom-tag,49.01
203,203,cz,Anais - Dámská tanga Charming XXL černá,"Kategorie: Dámské erotické prádlo Typ: Erotické tanga Výrobce: Anais Apparel Luxury LingerieVelmi svůdná šňůrková dámská tanga Anais Charming v černé barvě na zadečku s přitažlivou krajkou.Složení: 80% poliamid, 20% elastanZkontrolujte svou velikost - Tabulka velikostí Anais",5382,panties-and-thongs,Bag,Bag,False,True,False,False,Grey,0.1102,0.5783,"['#a29b97', '#c5beba', '#615b55', '#281a14']",custom-tag,99.99
204,204,cz,Anais - Fanny Kalhotky XXL černá,"Kategorie: Dámské erotické prádlo Typ: Erotické kalhotky Výrobce: Anais Apparel Luxury LingerieLuxusně vyhlížející erotické kalhotky Fanny panty Anais jsou vhodné nejen pro romantický večer. Zadní část je otevřená, zdobená elastickými šňůrkami, které jsou doplněné větší mašličkou. Kalhotky jsou vyrobené z vysoce kvalitní a jemné krajky s květinovým vzorem. Kalhotky opticky vymodelují Váš zadeček.Vhodné jako dárek! Zboží je vždy baleno v pevné krabici s logem firmy. Prádlo této značky potěší každou ženu! Značka Anais představuje neobvyklý luxus spodního prádla navrženého pro smyslné a osobité ženy. Kolekce prádla odráží poslední trendy a požadavky ve světě módy.Složení: 80% poliamid, 20% elastanZkontrolujte svou velikost - Tabulka velikostí Anais",5382,panties-and-thongs,Shirt,Shirt,False,True,False,True,Red,0.6506,0.3694,"['#750204', '#1e1413', '#79392a', '#f1ecec']",custom-tag,88.85
205,205,cz,Anais - erotické kalhotky Felicity XXL černá,"Kategorie: Dámské erotické prádlo Typ: Erotické kalhotky Výrobce: Anais Apparel Luxury LingerieVelice smyslné erotické kalhotky Felicity Anais budí vášeň na první pohled. Jsou vyrobené z vysoce kvalitní elastické krajky, která je příjemná na dotek. Kalhotky jsou nápaditě zdobené šněrováním v bílé barvě. Vysoký střich.Vhodné jako dárek! Zboží je vždy baleno v pevné krabici s logem firmy. Prádlo této značky potěší každou ženu! Značka Anais představuje neobvyklý luxus spodního prádla navrženého pro smyslné a osobité ženy. Kolekce prádla odráží poslední trendy a požadavky ve světě módy.Složení: 80% poliamid, 20% elastanZkontrolujte svou velikost - Tabulka velikostí Anais",5382,panties-and-thongs,Ankle boot,Ankle boot,False,True,False,True,White,0.1744,0.6897,"['#f6ebe1', '#2f2320', '#e8d8cb', '#8d837d']",custom-tag,88.08
206,206,cz,Anais Erotická sexy souprava Anais Gina set XXL černá,"Kategorie: Dámské erotické prádlo Typ: Erotické komplety Výrobce: Anais Apparel Luxury LingerieErotický set Gina z kolekce značky Anais je složený z podprsenky a tang. Podprsenka je vystužená kosticemi a má klasické zapínání. Kalhotky jsou ozdobená drobnými mašličkami, v přední části rozparek. Lepítka na bradavky nejsou součástí kompletu, lze je přikoupit.Složení: 80% poliamid, 20% elastanZkontrolujte svou velikost - Tabulka velikostí Anais",5382,panties-and-thongs,Trouser,Trouser,False,True,False,False,White,0.0623,0.8905,"['#f2eceb', '#e7dfdd', '#d6cbc4', '#2d201e']",custom-tag,41.54
207,207,cz,ANAIS - Erotická tanga Inspires XXL černá,"Kategorie: Dámské erotické prádlo Typ: Kalhotky s otvorem Výrobce: Anais Apparel Luxury LingerieNestyďte se! Buďte odvážná! Jste krásná a Vaše tělo potřebuje nějakou ozdobu, co takhle tyto decentní string- tanga? Ano! Tyto string tanga ozdobí Váš kouzelný zadeček. V přední části je náročně zpracovaná krajka. Otvor v rozkroku a na zadní části zadečku nenechá Vašeho přítele chladným. Tak podrážděte oko svého miláčka s těmito dravými strig-tangami.Složení: 80% poliamid, 20% elastanZkontrolujte svou velikost - Tabulka velikostí Anais",5382,panties-and-thongs,Bag,Bag,False,True,False,True,White,0.2367,0.9561,"['#fce3e4', '#f8acb2', '#c96c54', '#641d10']",custom-tag,64.4
208,208,cz,Anais Isida Chemise noční košilka + tanga XXL černá,"Kategorie: Dámské erotické prádlo Typ: Erotické košilky Výrobce: Anais Apparel Luxury LingerieErotická souprava Anais Isida chemise se skládá z nádherné otevřené košilky s volánky a velkou mašlí mezi dekoltem a tang s mašličkami. Komplet je průhledný, košíčky mají krásnou výšivku a střih podprsenky.Složení: 80% poliamid, 20% elastanZkontrolujte svou velikost - Tabulka velikostí Anais",5223,women-s-nightgowns,T-shirt/top,T-shirt/top,True,True,True,False,Grey,0.1128,0.5716,"['#d9d5d4', '#706b68', '#231916', '#928d8a']",custom-tag,34.76
209,169,cz,Anais - Erotické kalhotky Kitten XXL černá,"Kategorie: Dámské erotické prádlo Typ: Kalhotky s otvorem Výrobce: Anais Apparel Luxury LingerieKalhotky Anais Kitten s otevřeným rozkrokem. Jsou vyrobeny z jemné, měkké krajky. Kalhotky jsou v přední části zdobeny mašlí. Barva: bílá, černá.Složení: 80% poliamid, 20% elastanZkontrolujte svou velikost - Tabulka velikostí Anais",5382,panties-and-thongs,Shirt,Shirt,False,True,False,False,Grey,0.0518,0.6462,"['#847e7f', '#bab4b3', '#ebe6e4', '#332724']",custom-tag,90.94
210,209,cz,Anais - erotická tanga Mysterious XXL černá,"Kategorie: Dámské erotické prádlo Typ: Erotické tanga Výrobce: Anais Apparel Luxury LingerieLuxusní dámská tanga Mysterious Anais si získají zajisté i vás. Tato tanga vás přesvědčí, že v jednoduchosti je krása. Jsou nápaditá, nevšední, prostě jedinečná a rozhodně nesmí chybět ve vašem šatníku.Složení: 80% poliamid, 20% elastanZkontrolujte svou velikost - Tabulka velikostí Anais",5382,panties-and-thongs,Bag,Bag,False,True,False,True,Pink,0.1384,0.4284,"['#282221', '#e6dfdd', '#c8bfba', '#867c78']",custom-tag,74.04
211,210,cz,Anais Kalhotky Quinn XXL červená,"Kategorie: Dámské erotické prádlo Typ: Erotické kalhotky Výrobce: Anais Apparel Luxury LingerieSexy panty jsou dráždivé tím, že mají otevřený rozkrok a erotický nádech dodává průsvitný materiál s decentní krajkou. Zajímavý detail tvoří tři stříbrné kroužky, které spojují tenké červené pásky. Dominantní detail na tomto modelu je na zadní straně uprostřed velká červená mašle ze stužky. Quinn open panty by měla mít ve svém šatníku každá žena, která má ráda dobrodružství!Vhodné jako dárek! Zboží je vždy baleno v pevné krabici s logem firmy. Prádlo této značky potěší každou ženu! Značka Anais představuje neobvyklý luxus spodního prádla navrženého pro smyslné a osobité ženy. Kolekce prádla odráží poslední trendy a požadavky ve světě módy.Složení: 80% poliamid, 20% elastanZkontrolujte svou velikost - Tabulka velikostí Anais",5382,panties-and-thongs,Trouser,Trouser,False,True,False,True,White,0.3829,0.7514,"['#e9e0de', '#cc2d2e', '#c9a79e', '#381c13']",custom-tag,32.27
213,212,cz,Set Esathe - Angels Never Sin XXL černá,"Kategorie: Dámské erotické prádlo Typ: Erotické soupravy Výrobce: Angels Never SinDalší nabídka značky ANGELS NEVER SIN to je spodní prádlo, od kterého jen stěží odtrhnete zrak. Propracovaný a velmi výrazný vzor, jako málo co přitahuje pozornost a způsobuje, že vášnivé chvilky ve dvou budou něčím neobvyklým a nezapomenutelným. Komplet ESATHE se skládá ze tří částí, které spolu tvoří něco neobvyklého a jedinečného ve svém druhu. Saténově-krajková podprsenka má standardní regulovatelná, odepínací ramínka, praktické kostice, pohodlné zapínání na háček zezadu a bonusové zapínání na šíji ozdobené dvěma kouzelnými mašličkami. Díky tomu jsou ženská ňadra ideálně přidržena, ale i skvěle zdůrazněna. Druhým pilířem této neopakovatelné soupravičky jsou fascinující tanga a podvazkový pás, který je rovněž mimořádně povedeným přeludem vytvořeným z elegantního saténu a delikátní krajky. Vzadu se nachází sexy korsetové šněrování na saténovou stužku, které zaručuje skvělé zdůraznění zadečku. Regulovatelný neodpínací podvazkový pas okrášlený malými mašličkami umožňuje doladit k celku libovolné punčochy.Složení: 80% poliamid, 20% elastanZkontrolujte svou velikost - Tabulka velikostí Angels Never Sin",430,corsets-and-garter-belts,T-shirt/top,T-shirt/top,False,True,False,False,White,0.0528,0.8089,"['#eceae8', '#24201b', '#bcb6b3', '#756e68']",custom-tag,35.6
214,213,cz,Tanga Sottile - Angels Never Sin XXL černá,"Kategorie: Dámské erotické prádlo Typ: Erotické tanga Výrobce: Angels Never SinNabídka značky ANGELS NEVER SIN je skvělou volbou pro ženy, které oceňují pohodlné nošení, nebanální vzor a neopakovatelné, sexy kouzlo propracovaného do detailu spodního prádla. Tanga SOTTILE jsou ušité z jemné a transparentní krajky zkrášlené motivem jemných květinek. Zepředu se nacházejí provokující smysly praskliny, které jsou ozdobeny sladkými saténovými mašličkami. Stejné rozšíření se nachází také zezadu mezi půlkami zadečku. Boky kalhotek jsou ukončeny půvabným volánkem, který přidává modýlku dívčí hravosti a taneční lehkosti. Celek je ukončen černým lemováním, které spolu s vhodným střihem a vysoké kvality materiálem zaručuje nejen ideální přizpůsobení k postavě, ale i zdůraznění přirozené krásy zadečku, kulatosti beder a štíhlého bříška.Složení: 80% poliamid, 20% elastanZkontrolujte svou velikost - Tabulka velikostí Angels Never Sin",5382,panties-and-thongs,Trouser,Trouser,False,True,False,False,White,0.0482,0.8126,"['#eae8e7', '#221d17', '#b9b4b1', '#78736f']",custom-tag,45.3
215,214,cz,Set Yasena Angels Never Sin XXL černá,"Kategorie: Dámské erotické prádlo Typ: Erotické soupravy Výrobce: Angels Never SinProvokativní, sexy, vzrušující pro smysly-takový je komplet značky ANGELS NEVER SIN, který způsobí, že se vaše ložnice stane místem nekonečných experimentů a ničím nespoutané vášně. Originální, zlehka futuristická soupravička YASENA se skládá ze tří dokonale se doplňujících elementů, které spolu vytvářejí mimořádně novátorský a pekelně erotický celek. Svůdná podprsenka s kosticemi obsahuje skoro zcela odhalené košíčky, které jsou ozdobeny jenom černými, elastickými pásky, které jsou spojené kovovým kolečkem, které se nachází ve výšce bradavek. Na zádech se křižují regulovatelná ramínka a spolu s pohodlným zapínáním na háček zaručují ideální přizpůsobení se tělu, a praktické vyztužení zaručuje skvělou podporu a zdůraznění prsou. Také podvazkový pás je vyroben na bázi spojení několika gumiček, které jsou zepředu spojeny pomocí stříbrného kolečka. Zezadu je umístěno komfortní zapínání na háčky, a regulovatelné podvazky jsou ozdobeny nahoře sladkými a velmi zábavnými mašličkami. Doplněním této jedinečné soupravy jsou klasické tylové tanga na tenoučkých páscích, které mimořádně vkusně zdůrazňují zaoblení beder a zadečku.Složení: 80% poliamid, 20% elastanZkontrolujte svou velikost - Tabulka velikostí Angels Never Sin",430,corsets-and-garter-belts,T-shirt/top,T-shirt/top,False,True,False,False,White,0.0494,0.8131,"['#f0efee', '#2b221d', '#615a57', '#aba4a1']",custom-tag,36.33
216,215,cz,TopMode Dámská riflová minisukně,"Dámská džinová mini sukně. Klasický střih a barva, zapínání vpředu. Materiál: 95% bavlna, 5% polyester.",234,womens-skirts,Trouser,Trouser,True,True,True,True,Navy Blue,0.6276,0.4249,"['#172a4d', '#375887', '#e7e9e9', '#833d26']",custom-tag,66.6
217,216,cz,TopMode Elegantní dámské šaty s krajkou -zeštíhlující efekt,"Velmi elegantní dámské šaty. V černém a bílém provedení. Průhledná krajka se stříbrnou aplikací přecházející z hrudníku až na záda, vázání za krkem na mašličku. Materiál: 95% polyester, 5% elastan.",184,dresses,Dress,Dress,False,True,False,True,Grey,0.0937,0.6865,"['#d9d8d8', '#27201b', '#f2f1f1', '#7d716b']",custom-tag,47.18
218,217,cz,TopMode Vroubkované mini šaty s krajkou,"Elegantní dámské šaty s ozdobným řasením po celých šatech a průhlednou krajkou na zádech. Materiál: 95% polyester, 5% elastan.",184,dresses,Shirt,Shirt,False,True,False,True,Orange,0.5739,0.6051,"['#8b4d28', '#e9ded4', '#be8f6e', '#4c250f']",custom-tag,64.46
219,218,cz,SOFTLINE COLLECTION Dámská souprava Valerie black - černá - M L,"Dámská sexy souprava Valerie SoftLine collection se skládá z elegantního korzetu s podvazky, které má na přední straně dráždivé šněrování. Zapínání zezadu na háčky. Souprava je vyrobena z elastické krajkové látky, která se přizpůsobí Vaší postavě. Krajková tanga jsou součástí soupravy.",430,corsets-and-garter-belts,T-shirt/top,T-shirt/top,False,True,False,True,Blue,0.2256,0.619,"['#a5b7c4', '#1e1714', '#809fa9', '#4f5457']",custom-tag,32.39
220,219,cz,Luxury Elegantní vzdušný šátek,"Duhový dámský šátek je velmi originálním módním doplňkem, vhodný pro běžné nošení i do společnosti. Šátek má čtvercový rozměr, je překvapivě velký, dá se nosit i jako pareo, můžete jej zavázat na různé způsoby nebo jej nechat volně splývat. Hodí se i jako velký módní šátek do vlasů. Šátek má hřejivé tóny žlutavé, oranžové a jemňounce zelené. Je vysoce stylovým doplňkem pro každou příležitost.   100procent viscóza šifónový vzhled   Rozměry: 94 cm x 94 cm...",6372,womens-shawls-and-scarves,T-shirt/top,T-shirt/top,True,True,True,True,Green,0.4145,0.7934,"['#9bd190', '#5da851', '#e4f8e4', '#9eb942']",custom-tag,82.12
221,220,cz,Fashion Italy Módní šaty s páskem,"Šaty mají módní střih podtrhující postavu, zřasení na rukávcích a u výstřihu, v pase látkový páseček na zavázání na zadní partii, vpředu všitý lakovaný pásek s nevšedním třpytivým akcentem v podobě spony. Temně fialová barva. Velmi pružné, skvěle se přizpůsobí postavě.  Značka: Moda Italy   Univerzální velikost M L - šířka pod průramky 43 až 49 cm obvod 86 až 98 cm, délka 80 cm.",184,dresses,Shirt,Shirt,False,True,False,True,Pink/Magenta,0.4045,0.3787,"['#573a50', '#29161f', '#8f668c', '#d6cbc3']",custom-tag,90.39
222,221,cz,Mayaadi Retro top s puntíky,"Bavlněný retro puntíkatý top má atraktivní střih, nabírané rukávky, černobílou barevnou kombinaci a na lemu rukávků černé pásky s možností zavázání. Přední partie má kulatý delší lem, zadní partie rovný kratší lem. Top se velmi dobře kombinuje, můžete ho využít k sukni i kalhotám.    Složení materiálu: 100 procent bavlna   Velikost S - šířka přes prsa 36 až 42 cm obvod přes prsa 72 až 84 cm, délka cca 53 až 54 cm.  Velikost M - šířka přes prsa 37 až 44 cm přes prsa 74 až 88 cm, délka 53 až 54 cm....",6,womens-blouses-and-shirts,Shirt,Shirt,True,True,True,False,White,0.1416,0.6748,"['#f0edec', '#b7adac', '#2b1c15', '#847978']",custom-tag,31.2
223,222,cz,Emma Ashley Atraktivní šaty sexy střih,"Atypické šaty v odstínech zelené, s oválným hlubokým výstřihem na zadní partii, vzdušný materiál, módní vzor, pod prsy drobný tunýlek s nařasením, vsadka ve stejné barvě jako jsou šaty, lehce kulatý lem. Sexy průstřih na zádech.   Složení materiálu: 30procent polyester, 65procent bavlna, 5procent elasten - velmi pružný materiál   Univerzální velikost S M: šířka pod průramky 36 až 44 cm obvod 72 až 88 cm, délka 77 cm.",184,dresses,Dress,Dress,False,True,False,True,Beige/Khaki,0.2404,0.5516,"['#a39e88', '#6f6c51', '#d8d3ca', '#2f2a1b']",custom-tag,49.34
224,223,cz,Luxury Pruhované tričko – halenka,"Tričko má velmi originální střih, zřasené lemy, volánkový límeček a kapsičky, zapínání na transparentní knoflíky se stříbrnými lemy. Proužky v barvách šedý melír a zelená.   Materiál: bavlna 95procent viskóza, 5procent elasten.      Velikost S - šířka pod průramky 37 až 44 cm obvod 74 až 88 cm, délka 51 cm.",6,womens-blouses-and-shirts,Shirt,Shirt,True,True,True,True,White,0.219,0.6616,"['#e0e6d6', '#a5be9a', '#6c825e', '#363223']",custom-tag,43.34
225,224,cz,City Goddess Luxusní korzet + brož,"Velmi přitažlivý saténový korzet má podélné kostice zpevňující postavu, skryté výztuže v oblasti prsou nemusíte již pod korzet nosit podprsenku, postranní zip, podšívku, horní partie a dolní lem má ozdobné volánky, sexy šněrování na zadním díle korigující šířku korzetu. Na těle perfektně sedí a vykouzlí dokonale luxusní vzhled a perfektní postavu. Překvapí Vás, jak svůdně dokáže vytvarovat siluetu. Jako dárek získáte odepínací brož.    Značka Goddes London, 100procent polyester satén.   Velikost S 36...",430,corsets-and-garter-belts,Bag,Bag,False,True,False,True,Grey,0.3219,0.5506,"['#dbd6cf', '#83aa8e', '#0e0b09', '#496a4d']",custom-tag,98.0
226,225,cz,City Goddess Saténový korzet,"Luxusní saténový korzet má podélné kostice pro svůdný dekolt, postranní zip, podšívku, na zadním díle sexy šněrování korigující šířku. Na těle perfektně sedí a vykouzlí dokonalou siluetu. Tento dámský korzet je originálním propojením pohodlného a propracovaného střihu a ultra ženského vzhledu kořeněného sexy detaily. Užijete si s ním vzácné příležitosti, ale i volné chvíle. Noste korzet k sukni do společnosti nebo k džínám ve všední den.   Víceúčelové využití: na společenské akce, na plesy, na běžné noše...",430,corsets-and-garter-belts,Bag,Bag,False,True,False,True,Black,0.3209,0.4494,"['#0a0905', '#d7cec8', '#3d2f22', '#a89c94']",custom-tag,99.24
227,226,cz,Fashion Italy Leopardí společenské šaty,"Šaty mají sexy celoplošný leopardí vzor v hnědých tónech, atraktivní střih zvýrazňující ženské křivky, na zadní partii velmi pružné žabičkové řasení, nastavitelná ramínka, v oblasti prsou saténová vsadka. Šaty jsou dvouvrstvé nemusíte se tedy obávat, že by byly průhledné - spodní vrstva tvoří jemnou podšívku, vrchní vrstva má velmi luxusní šifonový vzhled. Šaty jsou vhodné pro každou společenskou příležitost. Nenucená kombinace saténu a šifonu působí velmi přitažlivě.   Značka Sense, materiál: šifón, s...",184,dresses,Bag,Bag,False,True,False,True,Brown,0.6905,0.4359,"['#2a150b', '#714123', '#a96436', '#de9461']",custom-tag,83.13
228,227,cz,Emma Ashley Módní šaty s flitry a páskem,"Šaty mají jasně modrou barvu, balónový střih nad prsa se zúženým dolním lemem, příjemný materiál, bez ramínek díky skryté pružné gumě se nemusíte obávat spadnutí šatů. Horní partie je posetá zářivými stříbrnými flitry, pod prsy je látkový páseček pro možnost zavázání. Krásné na večírek a do společnosti.   Značka Diva, 95procent viscose, 5procent elasthan   Velikost S - šířka přes prsa 28 až 41 cm obvod 56 až 82 cm, délka 70 cm.",184,dresses,Bag,Bag,False,True,False,True,Blue,0.3739,0.5957,"['#4163a6', '#494753', '#c0bdbb', '#dd8f58']",custom-tag,86.08
231,230,cz,Mayaadi Elastické sexy šaty,"Tyto tyrkysové šaty mají sexy vzhled, balonovou sukni s ukončením na skrytou gumu, v oblasti prsou saténovou vsadku, krátký rukáv, velmi efektní výstřih na zavazování, jemně modrou barvu s nádechem tyrkysové. Noste šaty do společnosti, ale i do kina, kavárny, do divadla. Hodí se kamkoli.     Značka L.O.U, příměs elastenu šaty jsou velmi pružné.   Velikost M - šířka přes prsa 43 až 47 cm obvod 86 až 94 cm, délka 80 cm měřeno od ramene.",184,dresses,Dress,Dress,False,True,False,True,Cyan/Turquoise,0.6422,0.4685,"['#0989b6', '#101110', '#71572c', '#c0ae8d']",custom-tag,45.36
232,231,cz,Emma Ashley Šifonové šaty se stuhou,"Nádherně barevné šaty mají dokonalý střih, který díky preciznímu zpracování skvěle sedí na těle. Šaty mají pod prsy širokou saténovou vsadku se saténovou stuhou pro zavázání, jemnou růžovou podšívku, zapínání na boku na skrytý zip, šifónový vzhled, růžový základ s potiskem motýlů se štrasovými akcenty. Pozor – praktický doplněk: k šatům jsou náhradní ramínka, která si můžete v případě potřeby připnout a z šatů střižených nad prsa si tak vytvoříte šaty na ramínka.   Šifonové šaty se stuhou jsou ideální j...",184,dresses,Dress,Dress,False,True,False,True,Pink/Magenta,0.5852,0.8635,"['#df0f59', '#fad7de', '#822727', '#d96e82']",custom-tag,39.59
233,232,cz,Apart Bavlněné dlouhé šaty,"Dlouhé šaty s roztančenými volány mají ultra ženský střih od prsou volný a vzdušný, mačkaný materiál tzv. crash optika, bohatou nadýchanou sukni, podšívku, zavinovací výstřih do V prodlužující siluetu, úzká nastavitelná ramínka, zlatá léga na lemu, na zadní partii pružný horní lem. Barvy: hnědá, tyrkysová, oranžová, růžová. Tato dokonale vyvážená kombinace barev a perfektního střihu dodává šatům okouzlující bohémský nádech.    Neokoukaný svěží styl Jemný „mačkaný“ materiál Střih prodlužující siluetu ...",184,dresses,Dress,Dress,False,True,False,True,White,0.3526,0.8575,"['#e4d7d0', '#cf7d2b', '#d76c77', '#6abec1']",custom-tag,35.6
234,233,cz,Fashion Italy Úpletové dámské šaty,"Šaty s krátkým rukávem mají temně fialovou barvu s nádechem indiga. Tyto propracované italské šaty jsou ušity z ultra jemného úpletu, se zřasením pod prsy, se sukní střiženou do áčka. Do šatů je vsazen saténový lesklý díl, který tvoří efektní výstřih se stojáčkem a zavazováním na stuhu. Vhodné pro každodenní nošení nebo pro méně formální společenské příležitosti.    Víceúčelové využití Originální kombinace materiálů Dvouvrstvý vzhled Postavě přizpůsobivý materiál 95procent acryl, 5procent elasten Značka Dolce S...",184,dresses,Bag,Bag,False,True,False,True,Black,0.3321,0.2169,"['#120f16', '#4d4544', '#ede8e3', '#8b8385']",custom-tag,94.25
